20:53:41 [prince      |discord_799297438765809704_990683044874711131] RECV     'In $AMD $73c July 8 @1.81\n\ns/l 1.29 @everyone'
20:53:41 [prince      |discord_799297438765809704_990683044874711131] CARD     'In $AMD $73c July 8 @1.81\n\ns/l 1.29 @everyone'
21:47:13 [jmt         |discord_799297438765809704_990683297451495475] RECV     '580C 1.64 3/17'
21:47:13 [jmt         |discord_799297438765809704_990683297451495475] CARD     '580C 1.64 3/17'
21:47:13 [prince      |discord_799297438765809704_990683044874711131] RECV     'In $AMD $73c July 8 @1.81\ns/l 1.29'
21:47:13 [prince      |discord_799297438765809704_990683044874711131] CARD     'In $AMD $73c July 8 @1.81\ns/l 1.29'
21:47:13 [mike        |discord_979306667319656479_1337877131975463085] RECV     '6815P 1.40'
21:47:13 [mike        |discord_979306667319656479_1337877131975463085] CARD     '6815P 1.40'
23:02:49 [jmt         |discord_799297438765809704_990683297451495475] RECV     '580C 1.64 3/17'
23:02:49 [jmt         |discord_799297438765809704_990683297451495475] CARD     '580C 1.64 3/17'
23:02:49 [mike        |discord_979306667319656479_1337877131975463085] RECV     '6815P 1.40'
23:02:49 [mike        |discord_979306667319656479_1337877131975463085] CARD     '6815P 1.40'
23:20:43 [jmt         |discord_799297438765809704_990683297451495475] RECV     '740C 1.50 today'
23:20:43 [jmt         |discord_799297438765809704_990683297451495475] CARD     '740C 1.50 today'
23:20:43 [sulker      |discord_979306667319656479_1346913693056897084] RECV     'IWM 265c @1.10'
23:20:43 [sulker      |discord_979306667319656479_1346913693056897084] CARD     'IWM 265c @1.10'
23:20:43 [prince      |discord_799297438765809704_990683044874711131] RECV     'In $AMD $73c July 8 @1.50'
23:20:43 [prince      |discord_799297438765809704_990683044874711131] CARD     'In $AMD $73c July 8 @1.50'
00:59:58 [mike        |discord_979306667319656479_1337877131975463085] RECV     '6815P 1.40'
00:59:58 [mike        |discord_979306667319656479_1337877131975463085] CARD     '6815P 1.40'
18:04:10 [prince      |discord_799297438765809704_990683044874711131] RECV     'In $AMD $73c July 8 @1.50\ns/l 1.29'
18:04:10 [prince      |discord_799297438765809704_990683044874711131] CARD     'In $AMD $73c July 8 @1.50\ns/l 1.29'
09:32:36 [optionking  |discord_1322013046159441951_1322017529547460690] RECV     '@everyone SPY 750C at 0.80 0DTE SL 30%.'
09:32:45 [optionking  |discord_1322013046159441951_1322017529547460690] CARD     '@everyone SPY 750C at 0.80 0DTE SL 30%.'
09:33:26 [optionking  |discord_1322013046159441951_1322017529547460690] RECV     '@everyone SPX 7550C at 2.70 0DTE SL 20%'
09:33:30 [optionking  |discord_1322013046159441951_1322017529547460690] CARD     '@everyone SPX 7550C at 2.70 0DTE SL 20%'
09:39:25 [sulker      |discord_979306667319656479_1346913693056897084] RECV     'IWM 0DTE 300c .52 @Options Day Trade Alerts'
09:39:31 [sulker      |discord_979306667319656479_1346913693056897084] CARD     'IWM 0DTE 300c .52 @Options Day Trade Alerts'
09:40:55 [sulker      |discord_979306667319656479_1346913693056897084] RECV     'IWM 0DTE 300c .52 @Options Day Trade Alerts'
09:41:45 [prince      |discord_799297438765809704_1143653301599088670] RECV     'Watching HIMS 37 calls\nJULY 10\n1.69 each rn. Going to let the dust settle but it’s started strong and doing what we expe'
09:41:45 [prince      |discord_799297438765809704_1143653301599088670] MGMT     'Watching HIMS 37 calls\nJULY 10\n1.69 each rn. Going to let the dust settle but it’s started strong and doing what we expe'
09:42:22 [optionking  |discord_1322013046159441951_1322017529547460690] RECV     '@everyone TSLA 400C at 1.60 SL 20% 0DTE'
09:42:29 [optionking  |discord_1322013046159441951_1322017529547460690] CARD     '@everyone TSLA 400C at 1.60 SL 20% 0DTE'
09:43:19 [optionking  |discord_1322013046159441951_1322017529547460690] RECV     '@everyone TSLA 400C at 1.60 SL 20% 0DTE'
09:44:38 [optionking  |discord_1322013046159441951_1322017529547460690] RECV     '@everyone TSLA 400C at 1.60 SL 20% 0DTE'
09:47:21 [optionking  |discord_1322013046159441951_1322017529547460690] RECV     '@everyone TSLA 400C at 1.60 SL 20% 0DTE'
09:55:54 [optionking  |discord_1322013046159441951_1322017529547460690] RECV     '@everyone TSLA 400C at 1.60 SL 20% 0DTE'
09:55:54 [optionking  |discord_1322013046159441951_1322017529547460690] RECV     '@everyone TSLA 400C at 1.60 SL 20% 0DTE'
09:56:33 [jmt         |discord_799297438765809704_990683297451495475] RECV     '750C\n1.65\n7/7\nSL: 747.65\n@JMoneyAlerts🕵🏾\u200d♂️'
09:56:40 [jmt         |discord_799297438765809704_990683297451495475] CARD     '750C\n1.65\n7/7\nSL: 747.65\n@JMoneyAlerts🕵🏾\u200d♂️'
09:56:40 [jmt         |discord_799297438765809704_990683297451495475] RECV     '750C 1.65 7/7 SL: 747.65 @JMoneyAlerts🕵🏾\u200d♂️'
09:59:18 [optionking  |discord_1322013046159441951_1322017529547460690] RECV     '@everyone TSLA 400C at 1.60 SL 20% 0DTE'
09:59:24 [optionking  |discord_1322013046159441951_1322017529547460690] CARD     '@everyone TSLA 400C at 1.60 SL 20% 0DTE'
10:00:44 [prince      |discord_799297438765809704_990683044874711131] RECV     'In SOFI too with the team!'
10:00:44 [prince      |discord_799297438765809704_990683044874711131] REJECT   'In SOFI too with the team!'
10:01:11 [optionking  |discord_1322013046159441951_1322017529547460690] RECV     '@everyone NVDA 200 at 0.10 lotto 0DTE'
10:01:13 [optionking  |discord_1322013046159441951_1322017529547460690] REJECT   '@everyone NVDA 200 at 0.10 lotto 0DTE'
10:01:26 [optionking  |discord_1322013046159441951_1322017529547460690] RECV     'NVDA 200 at 0.10 lotto 0DTE'
10:01:34 [optionking  |discord_1322013046159441951_1322017529547460690] CARD     'NVDA 200 at 0.10 lotto 0DTE'
10:09:58 [optionking  |discord_1322013046159441951_1322017529547460690] RECV     '@everyone NVDA 200 at 0.10 lotto 0DTE'
10:10:52 [sulker      |discord_979306667319656479_1346913693056897084] RECV     'SPY 0DTE 750c .58 low size, gonna avg down if necessary, slow PA @Options Day Trade Alerts'
10:11:02 [sulker      |discord_979306667319656479_1346913693056897084] CARD     'SPY 0DTE 750c .58 low size, gonna avg down if necessary, slow PA @Options Day Trade Alerts'
10:13:48 [sulker      |discord_979306667319656479_1346913693056897084] RECV     'SPY 0DTE 750c .58 low size, gonna avg down if necessary, slow PA @Options Day Trade Alerts'
10:14:22 [prince      |discord_799297438765809704_990683044874711131] RECV     'Watching $PLTR $134 calls\nLooking for an entry around 2.05\nJuly 10 @everyone \nPrice target $134'
10:14:35 [prince      |discord_799297438765809704_990683044874711131] CARD     'Watching $PLTR $134 calls\nLooking for an entry around 2.05\nJuly 10 @everyone \nPrice target $134'
10:15:42 [sulker      |discord_979306667319656479_1346913693056897084] RECV     'SPY 0DTE 750c .58 low size, gonna avg down if necessary, slow PA @Options Day Trade Alerts'
10:16:06 [sulker      |discord_979306667319656479_1346913693056897084] RECV     'im gonna leave rest for 7460 SPX.'
10:16:07 [sulker      |discord_979306667319656479_1346913693056897084] MGMT     'im gonna leave rest for 7460 SPX.'
10:21:18 [prince      |discord_799297438765809704_1143653301599088670] RECV     "Think I'll stick with this it's a safer play in terms of risk to reward. Contracts are moving a bit crazy, they were $18"
10:21:18 [prince      |discord_799297438765809704_1143653301599088670] REJECT   "Think I'll stick with this it's a safer play in terms of risk to reward. Contracts are moving a bit crazy, they were $18"
10:22:48 [sulker      |discord_979306667319656479_1346913693056897084] RECV     'SPY 0DTE 750c .58 low size, gonna avg down if necessary, slow PA @Options Day Trade Alerts'
10:24:49 [sulker      |discord_979306667319656479_1346913693056897084] RECV     'NVDA 0DTE 197.5c 0.47s @Options Day Trade Alerts  looking for sell most at the money and leaving rest for 200'
10:24:49 [sulker      |discord_979306667319656479_1346913693056897084] MGMT     'NVDA 0DTE 197.5c 0.47s @Options Day Trade Alerts  looking for sell most at the money and leaving rest for 200'
10:28:17 [jmt         |discord_799297438765809704_990683297451495475] RECV     '760C\n1.20\n7/8\nSL: 748'
10:28:26 [jmt         |discord_799297438765809704_990683297451495475] CARD     '760C\n1.20\n7/8\nSL: 748'
10:29:31 [prince      |discord_799297438765809704_990683044874711131] RECV     'Getting in PLTR here @2.03 @everyone'
10:29:32 [prince      |discord_799297438765809704_990683044874711131] REJECT   'Getting in PLTR here @2.03 @everyone'
10:32:19 [jmt         |discord_799297438765809704_990683297451495475] RECV     '11% @JMoneyAlerts🕵🏾\u200d♂️'
10:32:19 [jmt         |discord_799297438765809704_990683297451495475] MGMT     '11% @JMoneyAlerts🕵🏾\u200d♂️'
10:33:20 [prince      |discord_799297438765809704_990683044874711131] RECV     'Up 10% on $PLTR calls @everyone'
10:33:20 [prince      |discord_799297438765809704_990683044874711131] MGMT     'Up 10% on $PLTR calls @everyone'
10:33:20 [prince      |discord_799297438765809704_990683044874711131] REJECT   'Up 10% on $PLTR calls @everyone'
10:39:59 [sulker      |discord_979306667319656479_1346913693056897084] RECV     'NVDA 0DTE 197.5c 0.47s @Options Day Trade Alerts  looking for sell most at the money and leaving rest for 200'
10:40:01 [sulker      |discord_979306667319656479_1346913693056897084] REPLY→TRACK 'NVDA 0DTE 197.5c 0.47s @Options Day Trade Alerts  looking for sell most at the money and leaving rest for 200'
10:48:29 [sulker      |discord_979306667319656479_1346913693056897084] RECV     'AAPL 0DTE 310p .43 only couple cons for now @Options Day Trade Alerts'
10:48:38 [sulker      |discord_979306667319656479_1346913693056897084] CARD     'AAPL 0DTE 310p .43 only couple cons for now @Options Day Trade Alerts'
10:50:07 [sulker      |discord_979306667319656479_1346913693056897084] RECV     'AAPL 0DTE 310p .43 only couple cons for now @Options Day Trade Alerts No SL (edited)\nMonday, July 6, 2026 at 9:48 AM'
10:58:28 [sulker      |discord_979306667319656479_1346913693056897084] RECV     'NVDA 0DTE 197.5c 0.47s @Options Day Trade Alerts  looking for sell most at the money and leaving rest for 200'
10:58:29 [sulker      |discord_979306667319656479_1346913693056897084] REPLY→POS 'NVDA 0DTE 197.5c 0.47s @Options Day Trade Alerts  looking for sell most at the money and leaving rest for 200'
11:03:06 [sulker      |discord_979306667319656479_1346913693056897084] RECV     'NVDA out @Options Day Trade Alerts'
11:03:07 [sulker      |discord_979306667319656479_1346913693056897084] MGMT     'NVDA out @Options Day Trade Alerts'
11:09:04 [prince      |discord_799297438765809704_990683044874711131] RECV     'Up 18% on $PLTR @everyone'
11:09:04 [prince      |discord_799297438765809704_990683044874711131] MGMT     'Up 18% on $PLTR @everyone'
11:11:19 [optionking  |discord_1322013046159441951_1322017529547460690] RECV     '@everyone SPY 750C at 0.80 0DTE SL 30%.'
11:11:41 [optionking  |discord_1322013046159441951_1322017529547460690] CARD     '@everyone SPY 750C at 0.80 0DTE SL 30%.'
11:15:29 [prince      |discord_799297438765809704_990683044874711131] RECV     '35% on $PLTR @everyone'
11:15:29 [prince      |discord_799297438765809704_990683044874711131] MGMT     '35% on $PLTR @everyone'
11:23:22 [sulker      |discord_979306667319656479_1346913693056897084] RECV     'Can you smell this summer vibes? \nThis gonna be the most part of the time with some shake outs (news, carry trades and a'
11:23:22 [sulker      |discord_979306667319656479_1346913693056897084] MGMT     'Can you smell this summer vibes? \nThis gonna be the most part of the time with some shake outs (news, carry trades and a'
11:24:03 [prince      |discord_799297438765809704_990683044874711131] RECV     'Up 40% on PLTR calls @everyone'
11:24:03 [prince      |discord_799297438765809704_990683044874711131] MGMT     'Up 40% on PLTR calls @everyone'
11:26:54 [prince      |discord_799297438765809704_1143653301599088670] RECV     'AAPL $300 JULY 10 Calls 0.85 entry No stop yet, playing the momentum Price target 300 @everyone'
11:27:04 [prince      |discord_799297438765809704_1143653301599088670] CARD     'AAPL $300 JULY 10 Calls 0.85 entry No stop yet, playing the momentum Price target 300 @everyone'
11:27:04 [jmt         |discord_799297438765809704_990683297451495475] RECV     '22% @JMoneyAlerts🕵🏾\u200d♂️'
11:27:04 [jmt         |discord_799297438765809704_990683297451495475] MGMT     '22% @JMoneyAlerts🕵🏾\u200d♂️'
11:32:18 [jmt         |discord_799297438765809704_990683297451495475] RECV     '30% @JMoneyAlerts🕵🏾\u200d♂️ taking some off here'
11:32:18 [jmt         |discord_799297438765809704_990683297451495475] MGMT     '30% @JMoneyAlerts🕵🏾\u200d♂️ taking some off here'
11:37:50 [jmt         |discord_799297438765809704_990683297451495475] RECV     '749C\n1.50\n0DTE\nSL: 747'
11:37:59 [jmt         |discord_799297438765809704_990683297451495475] CARD     '749C\n1.50\n0DTE\nSL: 747'
11:51:03 [prince      |discord_799297438765809704_990683044874711131] RECV     'Up 58% on PLTR @everyone'
11:51:03 [prince      |discord_799297438765809704_990683044874711131] MGMT     'Up 58% on PLTR @everyone'
11:51:03 [prince      |discord_799297438765809704_990683044874711131] REJECT   'Up 58% on PLTR @everyone'
11:57:41 [optionking  |discord_1322013046159441951_1322017529547460690] RECV     '@everyone SPY 750C at 0.80 0DTE SL 30%.'
11:57:50 [optionking  |discord_1322013046159441951_1322017529547460690] CARD     '@everyone SPY 750C at 0.80 0DTE SL 30%.'
12:04:21 [optionking  |discord_1322013046159441951_1322017529547460690] RECV     '@everyone swing call  SPCX 180C at 1.30  weekly expiry'
12:04:28 [optionking  |discord_1322013046159441951_1322017529547460690] CARD     '@everyone swing call  SPCX 180C at 1.30  weekly expiry'
12:10:56 [optionking  |discord_1322013046159441951_1322017529547460690] RECV     '@everyone SPY 750C at 0.80 0DTE SL 30%.'
12:11:04 [optionking  |discord_1322013046159441951_1322017529547460690] CARD     '@everyone SPY 750C at 0.80 0DTE SL 30%.'
12:14:08 [sulker      |discord_979306667319656479_1346913693056897084] RECV     'NVDA out @Options Day Trade Alerts'
12:14:09 [sulker      |discord_979306667319656479_1346913693056897084] MGMT     'NVDA out @Options Day Trade Alerts'
2026-07-06T16:18:23+00:00 [prince      |discord_799297438765809704_990683044874711131] RECV     'We tapped the $134 price target and came right back down. Congrats @everyone we started the week how we wanna continue!!'
2026-07-06T16:18:24+00:00 [prince      |discord_799297438765809704_990683044874711131] REJECT   'We tapped the $134 price target and came right back down. Congrats @everyone we started the week how we wanna continue!!'
2026-07-06T16:32:23+00:00 [prince      |discord_799297438765809704_1143653301599088670] RECV     'Adding $CELH $33c 1.25 entry (SET A LIMIT ORDER THE SPREAD WIDE( 1.00 stop limit July 17 expiry PRICE TARGET $36.02 @eve'
2026-07-06T16:32:29+00:00 [prince      |discord_799297438765809704_1143653301599088670] CARD     'Adding $CELH $33c 1.25 entry (SET A LIMIT ORDER THE SPREAD WIDE( 1.00 stop limit July 17 expiry PRICE TARGET $36.02 @eve'
2026-07-06T17:06:28+00:00 [jmt         |discord_799297438765809704_990683297451495475] RECV     '40% @JMoneyAlerts🕵🏾\u200d♂️'
2026-07-06T17:06:28+00:00 [jmt         |discord_799297438765809704_990683297451495475] MGMT     '40% @JMoneyAlerts🕵🏾\u200d♂️'
2026-07-06T17:07:11+00:00 [sulker      |discord_979306667319656479_1346913693056897084] RECV     'Watching AMZN 245c\nNVDA 197.5c (again)\nMETA 600c @Options Day Trade Alerts'
2026-07-06T17:07:26+00:00 [sulker      |discord_979306667319656479_1346913693056897084] CARD     'Watching AMZN 245c\nNVDA 197.5c (again)\nMETA 600c @Options Day Trade Alerts'
2026-07-06T17:09:26+00:00 [sulker      |discord_979306667319656479_1346913693056897084] RECV     'SPY 0DTE 750c .58 low size, gonna avg down if necessary, slow PA @Options Day Trade Alerts'
2026-07-06T17:09:34+00:00 [sulker      |discord_979306667319656479_1346913693056897084] CARD     'SPY 0DTE 750c .58 low size, gonna avg down if necessary, slow PA @Options Day Trade Alerts'
2026-07-06T17:12:47+00:00 [sulker      |discord_979306667319656479_1346913693056897084] RECV     'IWM +50% UP, only runner for the possible 300 break @Options Day Trade Alerts'
2026-07-06T17:12:47+00:00 [sulker      |discord_979306667319656479_1346913693056897084] MGMT     'IWM +50% UP, only runner for the possible 300 break @Options Day Trade Alerts'
2026-07-06T17:12:47+00:00 [sulker      |discord_979306667319656479_1346913693056897084] REJECT   'IWM +50% UP, only runner for the possible 300 break @Options Day Trade Alerts'
2026-07-06T17:28:19+00:00 [sulker      |discord_979306667319656479_1346913693056897084] RECV     'NVDA 197.5c .11 lotto @Options Day Trade Alerts'
2026-07-06T17:28:26+00:00 [sulker      |discord_979306667319656479_1346913693056897084] CARD     'NVDA 197.5c .11 lotto @Options Day Trade Alerts'
2026-07-06T17:29:53+00:00 [sulker      |discord_979306667319656479_1346913693056897084] RECV     'AMZN 247.5c 0.07 lotto @Options Day Trade Alerts'
2026-07-06T17:29:59+00:00 [sulker      |discord_979306667319656479_1346913693056897084] CARD     'AMZN 247.5c 0.07 lotto @Options Day Trade Alerts'
2026-07-06T17:31:36+00:00 [sulker      |discord_979306667319656479_1346913693056897084] RECV     'META 0DTE 600c .30 (only 1 here, i can die on the shore here and is "expensive") @Options Day Trade Alerts'
2026-07-06T17:31:44+00:00 [sulker      |discord_979306667319656479_1346913693056897084] CARD     'META 0DTE 600c .30 (only 1 here, i can die on the shore here and is "expensive") @Options Day Trade Alerts'
2026-07-06T17:35:48+00:00 [sulker      |discord_979306667319656479_1346913693056897084] RECV     'instead of playing SPX EOD lotto (that cost me like 80-150$, i prefered to play this lottos i can use more size). \nIm go'
2026-07-06T17:35:48+00:00 [sulker      |discord_979306667319656479_1346913693056897084] REJECT   'instead of playing SPX EOD lotto (that cost me like 80-150$, i prefered to play this lottos i can use more size). \nIm go'
2026-07-06T17:43:30+00:00 [optionking  |discord_1322013046159441951_1322017529547460690] RECV     '@everyone SPX 7550C at 2.70 0DTE SL 20%'
2026-07-06T17:43:36+00:00 [optionking  |discord_1322013046159441951_1322017529547460690] CARD     '@everyone SPX 7550C at 2.70 0DTE SL 20%'
2026-07-06T17:49:24+00:00 [prince      |discord_799297438765809704_990683044874711131] RECV     'In QQQ Puts $722 expiring today\n1.10 fill\nno stop yet\nScalping with a price target $719.89 @everyone it is risky'
2026-07-06T17:49:32+00:00 [prince      |discord_799297438765809704_990683044874711131] CARD     'In QQQ Puts $722 expiring today\n1.10 fill\nno stop yet\nScalping with a price target $719.89 @everyone it is risky'
2026-07-06T17:55:14+00:00 [prince      |discord_799297438765809704_990683044874711131] RECV     'Up 20% on $QQQ Puts @everyone'
2026-07-06T17:55:14+00:00 [prince      |discord_799297438765809704_990683044874711131] MGMT     'Up 20% on $QQQ Puts @everyone'
2026-07-06T17:55:14+00:00 [prince      |discord_799297438765809704_990683044874711131] REJECT   'Up 20% on $QQQ Puts @everyone'
2026-07-06T17:56:05+00:00 [sulker      |discord_979306667319656479_1346913693056897084] RECV     'Monitors off\n\nIndex feel so overextended and hard to break the MAJOR WALL\nin case something weird..\nAMZN --> normal room'
2026-07-06T17:56:05+00:00 [sulker      |discord_979306667319656479_1346913693056897084] MGMT     'Monitors off\n\nIndex feel so overextended and hard to break the MAJOR WALL\nin case something weird..\nAMZN --> normal room'
2026-07-06T17:57:15+00:00 [sulker      |discord_979306667319656479_1346913693056897084] RECV     'Monitors off  Index feel so overextended and hard to break the MAJOR WALL in case something weird.. AMZN --> normal room'
2026-07-06T17:57:15+00:00 [sulker      |discord_979306667319656479_1346913693056897084] MGMT     'Monitors off  Index feel so overextended and hard to break the MAJOR WALL in case something weird.. AMZN --> normal room'
2026-07-06T18:03:10+00:00 [jmt         |discord_799297438765809704_990683297451495475] RECV     '60% SPY CALLS @JMoneyAlerts🕵🏾\u200d♂️'
2026-07-06T18:03:10+00:00 [jmt         |discord_799297438765809704_990683297451495475] MGMT     '60% SPY CALLS @JMoneyAlerts🕵🏾\u200d♂️'
2026-07-06T18:03:10+00:00 [jmt         |discord_799297438765809704_990683297451495475] REJECT   '60% SPY CALLS @JMoneyAlerts🕵🏾\u200d♂️'
2026-07-06T18:08:37+00:00 [prince      |discord_799297438765809704_990683044874711131] RECV     'Cut Out at 0.80 per contract @everyone gotta take that profit the moment you see it with scalping. Was up 35% less than '
2026-07-06T18:08:37+00:00 [prince      |discord_799297438765809704_990683044874711131] MGMT     'Cut Out at 0.80 per contract @everyone gotta take that profit the moment you see it with scalping. Was up 35% less than '
2026-07-06T18:08:37+00:00 [prince      |discord_799297438765809704_990683044874711131] REJECT   'Cut Out at 0.80 per contract @everyone gotta take that profit the moment you see it with scalping. Was up 35% less than '
2026-07-06T18:17:01+00:00 [jmt         |discord_799297438765809704_990683297451495475] RECV     'Back down to 30% still holding gonna take more profits here in case they tank it @JMoneyAlerts🕵🏾\u200d♂️'
2026-07-06T18:17:01+00:00 [jmt         |discord_799297438765809704_990683297451495475] REJECT   'Back down to 30% still holding gonna take more profits here in case they tank it @JMoneyAlerts🕵🏾\u200d♂️'
2026-07-06T18:17:01+00:00 [sulker      |discord_979306667319656479_1346913693056897084] RECV     'Watching AMZN 245c NVDA 197.5c (again) META 600c @Options Day Trade Alerts'
2026-07-06T18:17:01+00:00 [sulker      |discord_979306667319656479_1346913693056897084] REJECT   'Watching AMZN 245c NVDA 197.5c (again) META 600c @Options Day Trade Alerts'
2026-07-06T18:22:48+00:00 [sulker      |discord_979306667319656479_1346913693056897084] RECV     'Watching AMZN 245c NVDA 197.5c (again) META 600c @Options Day Trade Alerts'
2026-07-06T18:22:48+00:00 [sulker      |discord_979306667319656479_1346913693056897084] REJECT   'Watching AMZN 245c NVDA 197.5c (again) META 600c @Options Day Trade Alerts'
2026-07-06T18:24:08+00:00 [sulker      |discord_979306667319656479_1346913693056897084] RECV     'Watching AMZN 245c NVDA 197.5c (again) META 600c @Options Day Trade Alerts'
2026-07-06T18:24:08+00:00 [sulker      |discord_979306667319656479_1346913693056897084] REJECT   'Watching AMZN 245c NVDA 197.5c (again) META 600c @Options Day Trade Alerts'
2026-07-06T18:25:39+00:00 [sulker      |discord_979306667319656479_1346913693056897084] RECV     'AMZN can be sticky 245 but I would bet for a EOD run if hold 245 during power hour'
2026-07-06T18:25:39+00:00 [sulker      |discord_979306667319656479_1346913693056897084] REJECT   'AMZN can be sticky 245 but I would bet for a EOD run if hold 245 during power hour'
2026-07-06T18:52:04+00:00 [jmt         |discord_799297438765809704_990683297451495475] RECV     'Back up 60% gonna leave runners here now please manage your trade @JMoneyAlerts🕵🏾\u200d♂️ more than likely will swing the res'
2026-07-06T18:52:04+00:00 [jmt         |discord_799297438765809704_990683297451495475] MGMT     'Back up 60% gonna leave runners here now please manage your trade @JMoneyAlerts🕵🏾\u200d♂️ more than likely will swing the res'
2026-07-06T18:52:04+00:00 [jmt         |discord_799297438765809704_990683297451495475] REJECT   'Back up 60% gonna leave runners here now please manage your trade @JMoneyAlerts🕵🏾\u200d♂️ more than likely will swing the res'
2026-07-06T18:57:20+00:00 [jmt         |discord_799297438765809704_990683297451495475] RECV     '70% SPY CALLS @JMoneyAlerts🕵🏾\u200d♂️'
2026-07-06T18:57:20+00:00 [jmt         |discord_799297438765809704_990683297451495475] MGMT     '70% SPY CALLS @JMoneyAlerts🕵🏾\u200d♂️'
2026-07-06T18:57:20+00:00 [jmt         |discord_799297438765809704_990683297451495475] REJECT   '70% SPY CALLS @JMoneyAlerts🕵🏾\u200d♂️'
2026-07-06T19:17:56+00:00 [jmt         |discord_799297438765809704_990683297451495475] RECV     '80% @JMoneyAlerts🕵🏾\u200d♂️ manage your trade'
2026-07-06T19:17:56+00:00 [jmt         |discord_799297438765809704_990683297451495475] MGMT     '80% @JMoneyAlerts🕵🏾\u200d♂️ manage your trade'
2026-07-06T19:17:56+00:00 [jmt         |discord_799297438765809704_990683297451495475] REJECT   '80% @JMoneyAlerts🕵🏾\u200d♂️ manage your trade'
2026-07-06T19:19:27+00:00 [sulker      |discord_979306667319656479_1346913693056897084] RECV     'Watching AMZN 245c NVDA 197.5c (again) META 600c @Options Day Trade Alerts'
2026-07-06T19:19:27+00:00 [sulker      |discord_979306667319656479_1346913693056897084] REJECT   'Watching AMZN 245c NVDA 197.5c (again) META 600c @Options Day Trade Alerts'
2026-07-06T19:21:25+00:00 [sulker      |discord_979306667319656479_1346913693056897084] RECV     'I was near at the money and green (edited)\nMonday, July 6, 2026 at 2:20 PM'
2026-07-06T19:21:25+00:00 [sulker      |discord_979306667319656479_1346913693056897084] REJECT   'I was near at the money and green (edited)\nMonday, July 6, 2026 at 2:20 PM'
2026-07-06T19:24:55+00:00 [jmt         |discord_799297438765809704_990683297451495475] RECV     'swinging my runners into tomorrow as I think we continue the trend up @JMoneyAlerts🕵🏾\u200d♂️ 756'
2026-07-06T19:24:55+00:00 [jmt         |discord_799297438765809704_990683297451495475] REJECT   'swinging my runners into tomorrow as I think we continue the trend up @JMoneyAlerts🕵🏾\u200d♂️ 756'
2026-07-06T22:53:14+00:00 [optionking  |discord_1322013046159441951_1322017529547460690] RECV     'Current holding  @everyone \n\n$SPCX 180C at 1.30 07/10'
2026-07-06T22:53:14+00:00 [optionking  |discord_1322013046159441951_1322017529547460690] REJECT   'Current holding  @everyone \n\n$SPCX 180C at 1.30 07/10'
2026-07-06T23:24:25+00:00 [sulker      |discord_979306667319656479_1346913693056897084] RECV     'Recap 6 July 2026\n\n\nMETA 600C (Lotto) @ 0.30   +400%\n,\nSPY 750C @ 0.58   +180%\n,\nIWM 300C @ 0.62   +50%\n,\nNVDA 197.5C (L'
2026-07-06T23:24:25+00:00 [sulker      |discord_979306667319656479_1346913693056897084] MGMT     'Recap 6 July 2026\n\n\nMETA 600C (Lotto) @ 0.30   +400%\n,\nSPY 750C @ 0.58   +180%\n,\nIWM 300C @ 0.62   +50%\n,\nNVDA 197.5C (L'
2026-07-07T11:47:48+00:00 [sulker      |discord_979306667319656479_1346913693056897084] RECV     "Market Outlook\n,\n We continue to see a sell-off in semiconductors, which is keeping QQQ volatility elevated.\n\n Today's r"
2026-07-07T11:47:48+00:00 [sulker      |discord_979306667319656479_1346913693056897084] MGMT     "Market Outlook\n,\n We continue to see a sell-off in semiconductors, which is keeping QQQ volatility elevated.\n\n Today's r"
2026-07-07T13:32:26+00:00 [prince      |discord_799297438765809704_990683044874711131] RECV     'Getting in PLTR here @2.03 @everyone'
2026-07-07T13:32:26+00:00 [prince      |discord_799297438765809704_990683044874711131] REJECT   'Getting in PLTR here @2.03 @everyone'
2026-07-07T13:32:32+00:00 [optionking  |discord_1322013046159441951_1322017529547460690] RECV     '@everyone TSLA 430C at 2.30 1DTE..'
2026-07-07T13:50:52+00:00 [optionking  |discord_1322013046159441951_1322017529547460690] CARD     '@everyone TSLA 430C at 2.30 1DTE..'
2026-07-07T13:50:52+00:00 [prince      |discord_799297438765809704_1143653301599088670] RECV     'Watch $GOOGL $385c July 10\n85c per contract @everyone'
2026-07-07T13:50:52+00:00 [prince      |discord_799297438765809704_1143653301599088670] REJECT   'Watch $GOOGL $385c July 10\n85c per contract @everyone'
2026-07-07T13:50:52+00:00 [mike        |discord_979306667319656479_1337877131975463085] RECV     'MSFT 7/10 405C @ 1.7 @Options Day Trade Alerts'
2026-07-07T13:51:01+00:00 [mike        |discord_979306667319656479_1337877131975463085] CARD     'MSFT 7/10 405C @ 1.7 @Options Day Trade Alerts'
2026-07-07T13:51:01+00:00 [optionking  |discord_1322013046159441951_1322017529547460690] RECV     '@everyone TSLA 430C at 2.30 1DTE..'
2026-07-07T13:51:02+00:00 [jmt         |discord_799297438765809704_990683297451495475] RECV     '751C\n1.62\n7/8\nSL:748.90\n@JMoneyAlerts🕵🏾\u200d♂️'
2026-07-07T13:51:11+00:00 [jmt         |discord_799297438765809704_990683297451495475] CARD     '751C\n1.62\n7/8\nSL:748.90\n@JMoneyAlerts🕵🏾\u200d♂️'
2026-07-07T13:51:59+00:00 [prince      |discord_799297438765809704_1143653301599088670] RECV     'GOOGL already blowing, in that case may need to pivot. AAPL $315 call July 8 is 1.00 exact this might be a play but it i'
2026-07-07T13:52:06+00:00 [prince      |discord_799297438765809704_1143653301599088670] CARD     'GOOGL already blowing, in that case may need to pivot. AAPL $315 call July 8 is 1.00 exact this might be a play but it i'
2026-07-07T14:00:40+00:00 [prince      |discord_799297438765809704_1143653301599088670] RECV     'GOOGL pulling back now, 1H, 4H and 1D look way better than AAPL\nIN AT 0.93 @everyone \nLooking at my hourly chart the pri'
2026-07-07T14:00:40+00:00 [prince      |discord_799297438765809704_1143653301599088670] REJECT   'GOOGL pulling back now, 1H, 4H and 1D look way better than AAPL\nIN AT 0.93 @everyone \nLooking at my hourly chart the pri'
2026-07-07T14:00:42+00:00 [jmt         |discord_799297438765809704_990683297451495475] RECV     '751C 1.62 7/8 SL:748.90 @JMoneyAlerts🕵🏾\u200d♂️'
2026-07-07T14:00:56+00:00 [mike        |discord_979306667319656479_1337877131975463085] RECV     'trimmed 2.25 @Options Day Trade Alerts'
2026-07-07T14:00:56+00:00 [mike        |discord_979306667319656479_1337877131975463085] MGMT     'trimmed 2.25 @Options Day Trade Alerts'
2026-07-07T14:00:56+00:00 [mike        |discord_979306667319656479_1337877131975463085] RECV     'MU 1160C @ 1.4 lotto @Options Day Trade Alerts'
2026-07-07T14:02:04+00:00 [mike        |discord_979306667319656479_1337877131975463085] CARD     'MU 1160C @ 1.4 lotto @Options Day Trade Alerts'
2026-07-07T14:02:04+00:00 [mike        |discord_979306667319656479_1337877131975463085] RECV     'MU 715P @ 1.7 @Options Day Trade Alerts  taking 1'
2026-07-07T14:02:11+00:00 [mike        |discord_979306667319656479_1337877131975463085] CARD     'MU 715P @ 1.7 @Options Day Trade Alerts  taking 1'
2026-07-07T14:02:11+00:00 [mike        |discord_979306667319656479_1337877131975463085] RECV     'SPCX 165C @ 1.5 @Options Day Trade Alerts'
2026-07-07T14:02:19+00:00 [mike        |discord_979306667319656479_1337877131975463085] CARD     'SPCX 165C @ 1.5 @Options Day Trade Alerts'
2026-07-07T14:02:19+00:00 [mike        |discord_979306667319656479_1337877131975463085] RECV     'qqq 719C @ .25 @Options Day Trade Alerts'
2026-07-07T14:02:28+00:00 [mike        |discord_979306667319656479_1337877131975463085] CARD     'qqq 719C @ .25 @Options Day Trade Alerts'
2026-07-07T14:02:45+00:00 [optionking  |discord_1322013046159441951_1322017529547460690] RECV     '@everyone SPY 751C at 0.90 0DTE'
2026-07-07T14:02:53+00:00 [optionking  |discord_1322013046159441951_1322017529547460690] CARD     '@everyone SPY 751C at 0.90 0DTE'
2026-07-07T14:15:19+00:00 [mike        |discord_979306667319656479_1337877131975463085] RECV     "is SPCX doesn't hold 150 ill cut"
2026-07-07T14:15:19+00:00 [mike        |discord_979306667319656479_1337877131975463085] REJECT   "is SPCX doesn't hold 150 ill cut"
2026-07-07T14:15:43+00:00 [prince      |discord_799297438765809704_1143653301599088670] RECV     'GOOGL pulling back now, 1H, 4H and 1D look way better than AAPL IN AT 0.93 @everyone  Looking at my hourly chart the pri'
2026-07-07T14:15:43+00:00 [prince      |discord_799297438765809704_1143653301599088670] REJECT   'GOOGL pulling back now, 1H, 4H and 1D look way better than AAPL IN AT 0.93 @everyone  Looking at my hourly chart the pri'
2026-07-07T14:19:17+00:00 [prince      |discord_799297438765809704_990683044874711131] RECV     'In QQQ Puts $722 expiring today 1.10 fill no stop yet Scalping with a price target $719.89 @everyone it is risky'
2026-07-07T14:19:26+00:00 [prince      |discord_799297438765809704_990683044874711131] CARD     'In QQQ Puts $722 expiring today 1.10 fill no stop yet Scalping with a price target $719.89 @everyone it is risky'
2026-07-07T14:38:23+00:00 [sulker      |discord_979306667319656479_1346913693056897084] RECV     'IWM 295p .49 @Options Day Trade Alerts'
2026-07-07T14:38:29+00:00 [sulker      |discord_979306667319656479_1346913693056897084] CARD     'IWM 295p .49 @Options Day Trade Alerts'
2026-07-07T14:41:00+00:00 [sulker      |discord_979306667319656479_1346913693056897084] RECV     'IWM 295p .49 @Options Day Trade Alerts'
2026-07-07T14:42:04+00:00 [sulker      |discord_979306667319656479_1346913693056897084] RECV     'IWM 295p .49 @Options Day Trade Alerts'
2026-07-07T14:42:34+00:00 [sulker      |discord_979306667319656479_1346913693056897084] RECV     'IWM 295p .49 @Options Day Trade Alerts'
2026-07-07T14:45:50+00:00 [prince      |discord_799297438765809704_1143653301599088670] RECV     'Down 20% on GOOGL. Still holding for now. I was down on PLTR yesterday and it blew, continuing into today. So I’ll let t'
2026-07-07T14:45:50+00:00 [prince      |discord_799297438765809704_1143653301599088670] MGMT     'Down 20% on GOOGL. Still holding for now. I was down on PLTR yesterday and it blew, continuing into today. So I’ll let t'
2026-07-07T14:48:08+00:00 [sulker      |discord_979306667319656479_1346913693056897084] RECV     'IWM 295p .49 @Options Day Trade Alerts'
2026-07-07T14:48:30+00:00 [sulker      |discord_979306667319656479_1346913693056897084] RECV     'remember SPX 7460 as long as VIX climbs to 17'
2026-07-07T14:48:31+00:00 [sulker      |discord_979306667319656479_1346913693056897084] REJECT   'remember SPX 7460 as long as VIX climbs to 17'
2026-07-07T14:57:09+00:00 [prince      |discord_799297438765809704_1143653301599088670] RECV     'Watch $GOOGL $385c July 10\n85c per contract @everyone'
2026-07-07T14:57:09+00:00 [prince      |discord_799297438765809704_1143653301599088670] REJECT   'Watch $GOOGL $385c July 10\n85c per contract @everyone'
2026-07-07T14:59:25+00:00 [sulker      |discord_979306667319656479_1346913693056897084] RECV     'Watching SO breakout. 100c intraweek. \nPotential squeeze if Utilities sector break the current consolidation @Options Da'
2026-07-07T14:59:25+00:00 [sulker      |discord_979306667319656479_1346913693056897084] REJECT   'Watching SO breakout. 100c intraweek. \nPotential squeeze if Utilities sector break the current consolidation @Options Da'
2026-07-07T15:06:28+00:00 [sulker      |discord_979306667319656479_1346913693056897084] RECV     'FIG intraweek 23c .71 @Options Day Trade Alerts'
2026-07-07T15:06:32+00:00 [sulker      |discord_979306667319656479_1346913693056897084] CARD     'FIG intraweek 23c .71 @Options Day Trade Alerts'
2026-07-07T15:06:35+00:00 [sulker      |discord_979306667319656479_1346913693056897084] RECV     'FIG intraweek 23c .71 @Options Day Trade Alerts'
2026-07-07T15:06:55+00:00 [prince_small|discord_799297438765809704_1143653301599088670] RECV     'Watch $GOOGL $385c July 10\n85c per contract @everyone'
2026-07-07T15:07:03+00:00 [prince_small|discord_799297438765809704_1143653301599088670] CARD     'Watch $GOOGL $385c July 10\n85c per contract @everyone'
2026-07-07T15:07:29+00:00 [prince      |discord_799297438765809704_990683044874711131] RECV     'Getting in PLTR here @2.03 @everyone'
2026-07-07T15:07:29+00:00 [prince      |discord_799297438765809704_990683044874711131] REJECT   'Getting in PLTR here @2.03 @everyone'
2026-07-07T15:15:10+00:00 [prince      |discord_799297438765809704_990683044874711131] RECV     'In QQQ Puts $722 expiring today 1.10 fill no stop yet Scalping with a price target $719.89'
2026-07-07T15:15:18+00:00 [prince      |discord_799297438765809704_990683044874711131] CARD     'In QQQ Puts $722 expiring today 1.10 fill no stop yet Scalping with a price target $719.89'
2026-07-07T15:17:00+00:00 [prince      |discord_799297438765809704_990683044874711131] RECV     'In QQQ Puts $722 expiring today 1.10 fill no stop yet Scalping with a price target $719.89'
2026-07-07T15:17:16+00:00 [prince      |discord_799297438765809704_990683044874711131] RECV     'Back in QQQ $722 puts here at 0.90, new day new setup'
2026-07-07T15:17:22+00:00 [prince      |discord_799297438765809704_990683044874711131] CARD     'Back in QQQ $722 puts here at 0.90, new day new setup'
2026-07-07T15:26:20+00:00 [sulker      |discord_979306667319656479_1346913693056897084] RECV     'FIG intraweek 23c .71 @Options Day Trade Alerts'
2026-07-07T15:27:27+00:00 [prince      |discord_799297438765809704_990683044874711131] RECV     'In QQQ Puts $722 expiring today 1.10 fill no stop yet Scalping with a price target $719.89'
2026-07-07T15:27:28+00:00 [prince      |discord_799297438765809704_990683044874711131] RECV     'In QQQ Puts $722 today 1.10 fill target 730'
2026-07-07T15:27:29+00:00 [prince      |discord_799297438765809704_990683044874711131] RECV     'Yesterday we could have done better on QQQ $722 puts, 1.10 fill'
2026-07-07T15:27:30+00:00 [prince      |discord_799297438765809704_990683044874711131] RECV     'Back in QQQ $722 puts here, 1.10 fill, price target $715 @everyone'
2026-07-07T15:27:37+00:00 [prince      |discord_799297438765809704_990683044874711131] CARD     'Back in QQQ $722 puts here, 1.10 fill, price target $715 @everyone'
2026-07-07T15:27:37+00:00 [prince      |discord_799297438765809704_990683044874711131] RECV     'Adding QQQ $722 puts at 0.90, target 716 @everyone'
2026-07-07T15:30:51+00:00 [sulker      |discord_979306667319656479_1346913693056897084] RECV     'MSFT can be midday plays for 400 level\nIf softwares doesnt sell off, there is a high probability to go to 400 in the com'
2026-07-07T15:30:51+00:00 [sulker      |discord_979306667319656479_1346913693056897084] MGMT     'MSFT can be midday plays for 400 level\nIf softwares doesnt sell off, there is a high probability to go to 400 in the com'
2026-07-07T15:46:01+00:00 [prince      |discord_799297438765809704_990683044874711131] RECV     '124% ON $PLTR CALLS @everyone'
2026-07-07T15:46:01+00:00 [prince      |discord_799297438765809704_990683044874711131] MGMT     '124% ON $PLTR CALLS @everyone'
2026-07-07T15:46:01+00:00 [prince      |discord_799297438765809704_990683044874711131] REJECT   '124% ON $PLTR CALLS @everyone'
2026-07-07T15:47:02+00:00 [prince_small|discord_799297438765809704_1143653301599088670] RECV     'GOOGL already blowing, in that case may need to pivot. AAPL $315 call July 8 is 1.00 exact this might be a play but it i'
2026-07-07T15:47:08+00:00 [prince_small|discord_799297438765809704_1143653301599088670] CARD     'GOOGL already blowing, in that case may need to pivot. AAPL $315 call July 8 is 1.00 exact this might be a play but it i'
2026-07-07T15:58:48+00:00 [jmt         |discord_799297438765809704_990683297451495475] RECV     'Trying calls here \n750C\n1.45\n7/9\nSL:746.25\n@JMoneyAlerts🕵🏾\u200d♂️'
2026-07-07T15:58:57+00:00 [jmt         |discord_799297438765809704_990683297451495475] CARD     'Trying calls here \n750C\n1.45\n7/9\nSL:746.25\n@JMoneyAlerts🕵🏾\u200d♂️'
2026-07-07T16:00:37+00:00 [prince_small|discord_799297438765809704_1143653301599088670] RECV     'Watch NFLX 900c July 10 1.50 might be a play watching'
2026-07-07T16:00:40+00:00 [prince_small|discord_799297438765809704_1143653301599088670] CARD     'Watch NFLX 900c July 10 1.50 might be a play watching'
2026-07-07T16:00:41+00:00 [prince_small|discord_799297438765809704_1143653301599088670] RECV     'IN AT 1.30 on NFLX @everyone'
2026-07-07T16:00:41+00:00 [prince_small|discord_799297438765809704_1143653301599088670] FILL→ENTERED 'IN AT 1.30 on NFLX @everyone'
2026-07-07T16:02:49+00:00 [jmt         |discord_799297438765809704_990683297451495475] RECV     'Trying calls here  750C 1.45 7/9 SL:746.25 @JMoneyAlerts🕵🏾\u200d♂️'
2026-07-07T16:05:25+00:00 [optionking  |discord_1322013046159441951_1322017529547460690] RECV     '@everyone AMZN 250C at 0.34 lotto 1DTE'
2026-07-07T16:05:31+00:00 [optionking  |discord_1322013046159441951_1322017529547460690] CARD     '@everyone AMZN 250C at 0.34 lotto 1DTE'
2026-07-07T16:08:13+00:00 [sulker      |discord_979306667319656479_1346913693056897084] RECV     'MSFT can be midday plays for 400 level If softwares doesnt sell off, there is a high probability to go to 400 in the com'
2026-07-07T16:08:13+00:00 [sulker      |discord_979306667319656479_1346913693056897084] MGMT     'MSFT can be midday plays for 400 level If softwares doesnt sell off, there is a high probability to go to 400 in the com'
2026-07-07T16:10:02+00:00 [optionking  |discord_1322013046159441951_1322017529547460690] RECV     '@everyone AMZN 250C at 0.34 lotto 1DTE'
2026-07-07T16:14:25+00:00 [jmt         |discord_799297438765809704_990683297451495475] RECV     '12% @JMoneyAlerts🕵🏾\u200d♂️'
2026-07-07T16:14:25+00:00 [jmt         |discord_799297438765809704_990683297451495475] MGMT     '12% @JMoneyAlerts🕵🏾\u200d♂️'
2026-07-07T16:14:25+00:00 [jmt         |discord_799297438765809704_990683297451495475] REJECT   '12% @JMoneyAlerts🕵🏾\u200d♂️'
2026-07-07T16:17:54+00:00 [sulker      |discord_979306667319656479_1346913693056897084] RECV     'Test 2.0 @Options Day Trade Alerts'
2026-07-07T16:17:55+00:00 [sulker      |discord_979306667319656479_1346913693056897084] REJECT   'Test 2.0 @Options Day Trade Alerts'
2026-07-07T16:21:15+00:00 [sulker      |discord_979306667319656479_1346913693056897084] RECV     'IWM 299c 0DTE .19 lotto @Options Day Trade Alerts  looking for 300-302'
2026-07-07T16:21:21+00:00 [sulker      |discord_979306667319656479_1346913693056897084] CARD     'IWM 299c 0DTE .19 lotto @Options Day Trade Alerts  looking for 300-302'
2026-07-07T16:22:07+00:00 [sulker      |discord_979306667319656479_1346913693056897084] RECV     'IWM if we break 298, we might get paid here @Options Day Trade Alerts  im still looking 300-302.'
2026-07-07T16:22:08+00:00 [sulker      |discord_979306667319656479_1346913693056897084] REJECT   'IWM if we break 298, we might get paid here @Options Day Trade Alerts  im still looking 300-302.'
2026-07-07T16:22:15+00:00 [sulker      |discord_979306667319656479_1346913693056897084] RECV     '298 key, the bears are there.'
2026-07-07T16:22:16+00:00 [sulker      |discord_979306667319656479_1346913693056897084] REJECT   '298 key, the bears are there.'
2026-07-07T16:22:48+00:00 [jmt         |discord_799297438765809704_990683297451495475] RECV     '20% @JMoneyAlerts🕵🏾\u200d♂️'
2026-07-07T16:22:48+00:00 [jmt         |discord_799297438765809704_990683297451495475] MGMT     '20% @JMoneyAlerts🕵🏾\u200d♂️'
2026-07-07T16:22:48+00:00 [jmt         |discord_799297438765809704_990683297451495475] REJECT   '20% @JMoneyAlerts🕵🏾\u200d♂️'
2026-07-07T16:31:22+00:00 [jmt         |discord_799297438765809704_990683297451495475] RECV     '31% taking some off here @JMoneyAlerts🕵🏾\u200d♂️'
2026-07-07T16:31:22+00:00 [jmt         |discord_799297438765809704_990683297451495475] MGMT     '31% taking some off here @JMoneyAlerts🕵🏾\u200d♂️'
2026-07-07T16:31:39+00:00 [sulker      |discord_979306667319656479_1346913693056897084] RECV     'Watching SO breakout. 100c intraweek.  Potential squeeze if Utilities sector break the current consolidation @Options Da'
2026-07-07T16:31:40+00:00 [sulker      |discord_979306667319656479_1346913693056897084] REJECT   'Watching SO breakout. 100c intraweek.  Potential squeeze if Utilities sector break the current consolidation @Options Da'
2026-07-07T16:44:55+00:00 [prince      |discord_799297438765809704_990683044874711131] RECV     '155% ON $PLTR calls @everyone'
2026-07-07T16:44:55+00:00 [prince      |discord_799297438765809704_990683044874711131] MGMT     '155% ON $PLTR calls @everyone'
2026-07-07T16:44:55+00:00 [prince      |discord_799297438765809704_990683044874711131] REJECT   '155% ON $PLTR calls @everyone'
2026-07-07T16:57:15+00:00 [sulker      |discord_979306667319656479_1346913693056897084] RECV     'MSFT 1DTE 400c 1.52, only 1 for now, i might need avg down and cons are high premium! @Options Day Trade Alerts'
2026-07-07T16:57:21+00:00 [sulker      |discord_979306667319656479_1346913693056897084] CARD     'MSFT 1DTE 400c 1.52, only 1 for now, i might need avg down and cons are high premium! @Options Day Trade Alerts'
2026-07-07T16:57:30+00:00 [sulker      |discord_979306667319656479_1346913693056897084] RECV     'MSFT 1DTE 400c 1.52, only 1 for now, i might need avg down and cons are high premium! @Options Day Trade Alerts'
2026-07-07T17:01:45+00:00 [mike        |discord_979306667319656479_1337877131975463085] RECV     '7530c 2.5 @Options Day Trade Alerts lotto'
2026-07-07T17:01:50+00:00 [mike        |discord_979306667319656479_1337877131975463085] CARD     '7530c 2.5 @Options Day Trade Alerts lotto'
2026-07-07T17:02:06+00:00 [sulker      |discord_979306667319656479_1346913693056897084] RECV     'NVDA 200c 1DTE .89, chasing for the squeeze @Options Day Trade Alerts  i have SL here'
2026-07-07T17:02:14+00:00 [sulker      |discord_979306667319656479_1346913693056897084] CARD     'NVDA 200c 1DTE .89, chasing for the squeeze @Options Day Trade Alerts  i have SL here'
2026-07-07T17:04:01+00:00 [sulker      |discord_979306667319656479_1346913693056897084] RECV     'NVDA 200c 1DTE .89, chasing for the squeeze @Options Day Trade Alerts  i have SL here'
2026-07-07T17:05:36+00:00 [sulker      |discord_979306667319656479_1346913693056897084] RECV     'NVDA 200c 1DTE .89, chasing for the squeeze @Options Day Trade Alerts  i have SL here'
2026-07-07T17:05:50+00:00 [jmt         |discord_799297438765809704_990683297451495475] RECV     '40% spy calls @JMoneyAlerts🕵🏾\u200d♂️ please manage your trade or take some off at the very least'
2026-07-07T17:05:50+00:00 [jmt         |discord_799297438765809704_990683297451495475] MGMT     '40% spy calls @JMoneyAlerts🕵🏾\u200d♂️ please manage your trade or take some off at the very least'
2026-07-07T17:06:32+00:00 [sulker      |discord_979306667319656479_1346913693056897084] RECV     'NVDA +30% UP, derisking a bit, huge volumes there @Options Day Trade Alerts'
2026-07-07T17:06:32+00:00 [sulker      |discord_979306667319656479_1346913693056897084] MGMT     'NVDA +30% UP, derisking a bit, huge volumes there @Options Day Trade Alerts'
2026-07-07T17:11:03+00:00 [mike        |discord_979306667319656479_1337877131975463085] RECV     'Cutting @Options Day Trade Alerts'
2026-07-07T17:11:03+00:00 [mike        |discord_979306667319656479_1337877131975463085] MGMT     'Cutting @Options Day Trade Alerts'
2026-07-07T17:41:33+00:00 [optionking  |discord_1322013046159441951_1322017529547460690] RECV     '@everyone AMZN 250C at 0.34 lotto 1DTE'
2026-07-07T17:45:44+00:00 [sulker      |discord_979306667319656479_1346913693056897084] RECV     'Monitors off\nNVDA --> 200 aim for the rest\nMSFT --> 392.5 for add more\nIWM --> we need 298 break \nCya in the power hour '
2026-07-07T17:45:44+00:00 [sulker      |discord_979306667319656479_1346913693056897084] MGMT     'Monitors off\nNVDA --> 200 aim for the rest\nMSFT --> 392.5 for add more\nIWM --> we need 298 break \nCya in the power hour '
2026-07-07T17:46:44+00:00 [prince      |discord_799297438765809704_990683044874711131] RECV     '213% on PLTR calls!!! Insane swing trade @everyone'
2026-07-07T17:46:44+00:00 [prince      |discord_799297438765809704_990683044874711131] MGMT     '213% on PLTR calls!!! Insane swing trade @everyone'
2026-07-07T17:46:44+00:00 [prince      |discord_799297438765809704_990683044874711131] REJECT   '213% on PLTR calls!!! Insane swing trade @everyone'
2026-07-07T17:50:15+00:00 [optionking  |discord_1322013046159441951_1322017529547460690] RECV     '@everyone IWM 298C at 0.14 lotto'
2026-07-07T17:50:24+00:00 [optionking  |discord_1322013046159441951_1322017529547460690] CARD     '@everyone IWM 298C at 0.14 lotto'
2026-07-07T17:57:07+00:00 [optionking  |discord_1322013046159441951_1322017529547460690] RECV     '@everyone AMZN 250C at 0.34 lotto 1DTE'
2026-07-07T17:57:15+00:00 [optionking  |discord_1322013046159441951_1322017529547460690] RECV     '@everyone IWM 298C at 0.14 lotto'
2026-07-07T18:23:16+00:00 [jmt         |discord_799297438765809704_990683297451495475] RECV     'I’m up 42% I’m still holding @JMoneyAlerts🕵🏾\u200d♂️ we still in?'
2026-07-07T18:23:16+00:00 [jmt         |discord_799297438765809704_990683297451495475] MGMT     'I’m up 42% I’m still holding @JMoneyAlerts🕵🏾\u200d♂️ we still in?'
2026-07-07T18:23:16+00:00 [jmt         |discord_799297438765809704_990683297451495475] REJECT   'I’m up 42% I’m still holding @JMoneyAlerts🕵🏾\u200d♂️ we still in?'
2026-07-07T18:24:10+00:00 [optionking  |discord_1322013046159441951_1322017529547460690] RECV     '@everyone AMZN 250C at 0.34 lotto 1DTE'
2026-07-07T18:31:33+00:00 [sulker      |discord_979306667319656479_1346913693056897084] RECV     'MSFT 1DTE 400c 1.52, only 1 for now, i might need avg down and cons are high premium! @Options Day Trade Alerts'
2026-07-07T18:37:39+00:00 [sulker      |discord_979306667319656479_1346913693056897084] RECV     'NVDA 200c 1DTE .89, chasing for the squeeze @Options Day Trade Alerts  i have SL here'
2026-07-07T19:00:33+00:00 [sulker      |discord_979306667319656479_1346913693056897084] RECV     'NVDA 200c 1DTE .89, chasing for the squeeze @Options Day Trade Alerts  i have SL here'
2026-07-07T19:00:59+00:00 [jmt         |discord_799297438765809704_990683297451495475] RECV     'I’m up 42% I’m still holding @JMoneyAlerts🕵🏾\u200d♂️ we still in?'
2026-07-07T19:00:59+00:00 [jmt         |discord_799297438765809704_990683297451495475] MGMT     'I’m up 42% I’m still holding @JMoneyAlerts🕵🏾\u200d♂️ we still in?'
2026-07-07T19:00:59+00:00 [jmt         |discord_799297438765809704_990683297451495475] REJECT   'I’m up 42% I’m still holding @JMoneyAlerts🕵🏾\u200d♂️ we still in?'
2026-07-07T19:05:09+00:00 [sulker      |discord_979306667319656479_1346913693056897084] RECV     'FIG intraweek 23c .71 @Options Day Trade Alerts'
2026-07-07T19:43:44+00:00 [mike        |discord_979306667319656479_1337877131975463085] RECV     '7495c 2.3 eod lot @Options Day Trade Alerts  can try 7500 if you want cheaper'
2026-07-07T19:43:49+00:00 [mike        |discord_979306667319656479_1337877131975463085] CARD     '7495c 2.3 eod lot @Options Day Trade Alerts  can try 7500 if you want cheaper'
2026-07-07T19:46:38+00:00 [mike        |discord_979306667319656479_1337877131975463085] RECV     'Trimmed @ 5 @Options Day Trade Alerts'
2026-07-07T19:46:38+00:00 [mike        |discord_979306667319656479_1337877131975463085] MGMT     'Trimmed @ 5 @Options Day Trade Alerts'
2026-07-07T19:50:32+00:00 [mike        |discord_979306667319656479_1337877131975463085] RECV     'All out @ 6.2 have a good day @Options Day Trade Alerts'
2026-07-07T19:50:32+00:00 [mike        |discord_979306667319656479_1337877131975463085] MGMT     'All out @ 6.2 have a good day @Options Day Trade Alerts'
2026-07-07T19:57:12+00:00 [mike        |discord_979306667319656479_1337877131975463085] RECV     '7500p .4-.5 @Options Day Trade Alerts lot'
2026-07-07T19:57:16+00:00 [mike        |discord_979306667319656479_1337877131975463085] CARD     '7500p .4-.5 @Options Day Trade Alerts lot'
2026-07-07T19:59:26+00:00 [mike        |discord_979306667319656479_1337877131975463085] RECV     'Done .6 @Options Day Trade Alerts'
2026-07-07T19:59:26+00:00 [mike        |discord_979306667319656479_1337877131975463085] REJECT   'Done .6 @Options Day Trade Alerts'
2026-07-07T21:30:04+00:00 [sulker      |discord_979306667319656479_1346913693056897084] RECV     'Recap 7 July 2026\n\n\nIWM 295P @ 0.49 → 0.69  +40%\n,\nFIG 23C @ 0.71 → 0.96  +35% b/e play\n,\nNVDA 200C @ 0.89 → 1.16  +30% '
2026-07-07T21:30:04+00:00 [sulker      |discord_979306667319656479_1346913693056897084] MGMT     'Recap 7 July 2026\n\n\nIWM 295P @ 0.49 → 0.69  +40%\n,\nFIG 23C @ 0.71 → 0.96  +35% b/e play\n,\nNVDA 200C @ 0.89 → 1.16  +30% '
2026-07-07T22:48:59+00:00 [mike        |discord_979306667319656479_1337877131975463085] RECV     'Trade Recap 7/7 @Options Day Trade Alerts\n\n SPX 7495C 2.3 → 6.2 | +169.6% \n MSFT 405C 7/10 1.7 → 2.8 | +64.7%\n SPX 7500P'
2026-07-07T22:48:59+00:00 [mike        |discord_979306667319656479_1337877131975463085] MGMT     'Trade Recap 7/7 @Options Day Trade Alerts\n\n SPX 7495C 2.3 → 6.2 | +169.6% \n MSFT 405C 7/10 1.7 → 2.8 | +64.7%\n SPX 7500P'
2026-07-07T22:48:59+00:00 [mike        |discord_979306667319656479_1337877131975463085] REJECT   'Trade Recap 7/7 @Options Day Trade Alerts\n\n SPX 7495C 2.3 → 6.2 | +169.6% \n MSFT 405C 7/10 1.7 → 2.8 | +64.7%\n SPX 7500P'
2026-07-08T10:58:47+00:00 [prince      |discord_799297438765809704_990683044874711131] RECV     'News has come out pre market from the NATO summit and the WORLD LEADERS HAVE BEEN BLINDSIDEDTrump has said he has no int'
2026-07-08T10:58:47+00:00 [prince      |discord_799297438765809704_990683044874711131] MGMT     'News has come out pre market from the NATO summit and the WORLD LEADERS HAVE BEEN BLINDSIDEDTrump has said he has no int'
2026-07-08T11:32:14+00:00 [sulker      |discord_979306667319656479_1346913693056897084] RECV     'About this PUTs. 740 is heavy PUT zone for SPY (a lot of PUT there).   What we need? --> VIX squeezing above 17! Semis-S'
2026-07-08T11:32:14+00:00 [sulker      |discord_979306667319656479_1346913693056897084] REJECT   'About this PUTs. 740 is heavy PUT zone for SPY (a lot of PUT there).   What we need? --> VIX squeezing above 17! Semis-S'
2026-07-08T13:31:22+00:00 [optionking  |discord_1322013046159441951_1322017529547460690] RECV     '@everyone NVDA 200C at 0.30 lotto 0DTE'
2026-07-08T13:31:27+00:00 [optionking  |discord_1322013046159441951_1322017529547460690] CARD     '@everyone NVDA 200C at 0.30 lotto 0DTE'
2026-07-08T13:32:28+00:00 [optionking  |discord_1322013046159441951_1322017529547460690] RECV     '@everyone NVDA 200C at 0.30 lotto 0DTE'
2026-07-08T13:33:05+00:00 [jmt         |discord_799297438765809704_990683297451495475] RECV     'Back at B/E gonna add more here and swing the rest @JMoneyAlerts🕵🏾\u200d♂️'
2026-07-08T13:33:05+00:00 [jmt         |discord_799297438765809704_990683297451495475] MGMT     'Back at B/E gonna add more here and swing the rest @JMoneyAlerts🕵🏾\u200d♂️'
2026-07-08T13:35:22+00:00 [optionking  |discord_1322013046159441951_1322017529547460690] RECV     '@everyone TSLA 410C at 0.55  0DTE..'
2026-07-08T13:35:28+00:00 [optionking  |discord_1322013046159441951_1322017529547460690] CARD     '@everyone TSLA 410C at 0.55  0DTE..'
2026-07-08T13:35:28+00:00 [prince_small|discord_799297438765809704_1143653301599088670] RECV     'Sold GOOGL calls as .31 @everyone will see how the next hour plays out before anything else'
2026-07-08T13:35:28+00:00 [prince_small|discord_799297438765809704_1143653301599088670] MGMT     'Sold GOOGL calls as .31 @everyone will see how the next hour plays out before anything else'
2026-07-08T13:38:01+00:00 [prince      |discord_799297438765809704_990683044874711131] RECV     'Probably cutting half the SOFI calls today'
2026-07-08T13:38:01+00:00 [prince      |discord_799297438765809704_990683044874711131] MGMT     'Probably cutting half the SOFI calls today'
2026-07-08T13:38:17+00:00 [mike        |discord_979306667319656479_1337877131975463085] RECV     'BABA 110C .7  @Options Day Trade Alerts'
2026-07-08T13:38:21+00:00 [mike        |discord_979306667319656479_1337877131975463085] CARD     'BABA 110C .7  @Options Day Trade Alerts'
2026-07-08T13:39:36+00:00 [optionking  |discord_1322013046159441951_1322017529547460690] RECV     '@everyone SPY 740P at 0.80 SL 20%'
2026-07-08T13:39:43+00:00 [optionking  |discord_1322013046159441951_1322017529547460690] CARD     '@everyone SPY 740P at 0.80 SL 20%'
2026-07-08T13:40:05+00:00 [sulker      |discord_979306667319656479_1346913693056897084] RECV     'AAPL 307.5p .68 low size, might need avg down @Options Day Trade Alerts'
2026-07-08T13:40:10+00:00 [sulker      |discord_979306667319656479_1346913693056897084] CARD     'AAPL 307.5p .68 low size, might need avg down @Options Day Trade Alerts'
2026-07-08T13:40:53+00:00 [optionking  |discord_1322013046159441951_1322017529547460690] RECV     '@everyone SPY 740P at 0.80 SL 20%'
2026-07-08T13:42:10+00:00 [mike        |discord_979306667319656479_1337877131975463085] RECV     'NBIS 235C @ 1.8 @Options Day Trade Alerts  starter'
2026-07-08T13:42:14+00:00 [mike        |discord_979306667319656479_1337877131975463085] CARD     'NBIS 235C @ 1.8 @Options Day Trade Alerts  starter'
2026-07-08T13:44:44+00:00 [sulker      |discord_979306667319656479_1346913693056897084] RECV     'AAPL 0DTE 307.5p .68 low size, might need avg down @Options Day Trade Alerts (edited)\nWednesday, July 8, 2026 at 8:40 AM'
2026-07-08T13:44:53+00:00 [sulker      |discord_979306667319656479_1346913693056897084] RECV     'next stop 305'
2026-07-08T13:44:53+00:00 [sulker      |discord_979306667319656479_1346913693056897084] REJECT   'next stop 305'
2026-07-08T13:45:49+00:00 [mike        |discord_979306667319656479_1337877131975463085] RECV     'BABA 110C .7  @Options Day Trade Alerts'
2026-07-08T13:46:31+00:00 [optionking  |discord_1322013046159441951_1322017529547460690] RECV     '@everyone NVDA 200C at 0.30 lotto 0DTE'
2026-07-08T13:50:15+00:00 [mike        |discord_979306667319656479_1337877131975463085] RECV     'NBIS 235C @ 1.8 @Options Day Trade Alerts  starter'
2026-07-08T13:50:39+00:00 [optionking  |discord_1322013046159441951_1322017529547460690] RECV     'Sold all NVDA'
2026-07-08T13:50:39+00:00 [optionking  |discord_1322013046159441951_1322017529547460690] MGMT     'Sold all NVDA'
2026-07-08T13:51:03+00:00 [mike        |discord_979306667319656479_1337877131975463085] RECV     'BABA 110C .7  @Options Day Trade Alerts'
2026-07-08T13:51:57+00:00 [mike        |discord_979306667319656479_1337877131975463085] RECV     'BABA 110C .7  @Options Day Trade Alerts'
2026-07-08T13:53:03+00:00 [sulker      |discord_979306667319656479_1346913693056897084] RECV     'GOOGL 0DTE 360p .80s @Options Day Trade Alerts'
2026-07-08T13:53:09+00:00 [sulker      |discord_979306667319656479_1346913693056897084] CARD     'GOOGL 0DTE 360p .80s @Options Day Trade Alerts'
2026-07-08T13:53:46+00:00 [mike        |discord_979306667319656479_1337877131975463085] RECV     'BABA 100%'
2026-07-08T13:53:47+00:00 [mike        |discord_979306667319656479_1337877131975463085] MGMT     'BABA 100%'
2026-07-08T13:55:57+00:00 [jmt         |discord_799297438765809704_990683297451495475] RECV     'Down 56% with the gap down gonna hold and let things settle before making a move @JMoneyAlerts🕵🏾\u200d♂️'
2026-07-08T13:55:57+00:00 [jmt         |discord_799297438765809704_990683297451495475] MGMT     'Down 56% with the gap down gonna hold and let things settle before making a move @JMoneyAlerts🕵🏾\u200d♂️'
2026-07-08T13:56:20+00:00 [sulker      |discord_979306667319656479_1346913693056897084] RECV     'AAPL +70% UP, more than half out @Options Day Trade Alerts'
2026-07-08T13:56:20+00:00 [sulker      |discord_979306667319656479_1346913693056897084] MGMT     'AAPL +70% UP, more than half out @Options Day Trade Alerts'
2026-07-08T13:56:51+00:00 [sulker      |discord_979306667319656479_1346913693056897084] RECV     'Watching DINO for CALLs @Options Day Trade Alerts  we have room till 90 but it can take time'
2026-07-08T13:56:51+00:00 [sulker      |discord_979306667319656479_1346913693056897084] REJECT   'Watching DINO for CALLs @Options Day Trade Alerts  we have room till 90 but it can take time'
2026-07-08T13:57:03+00:00 [optionking  |discord_1322013046159441951_1322017529547460690] RECV     '@everyone TSLA 410C at 0.55  0DTE..'
2026-07-08T14:00:54+00:00 [mike        |discord_979306667319656479_1337877131975463085] RECV     'added 1.05 @Options Day Trade Alerts'
2026-07-08T14:00:54+00:00 [mike        |discord_979306667319656479_1337877131975463085] MGMT     'added 1.05 @Options Day Trade Alerts'
2026-07-08T14:00:54+00:00 [mike        |discord_979306667319656479_1337877131975463085] REJECT   'added 1.05 @Options Day Trade Alerts'
2026-07-08T14:01:20+00:00 [sulker      |discord_979306667319656479_1346913693056897084] RECV     'GOOGL 0DTE 360p .75s @Options Day Trade Alerts (edited)\nWednesday, July 8, 2026 at 8:53 AM'
2026-07-08T14:04:35+00:00 [optionking  |discord_1322013046159441951_1322017529547460690] RECV     '@everyone XOM 145C at 0.52 weekly expiry.. go small'
2026-07-08T14:04:42+00:00 [optionking  |discord_1322013046159441951_1322017529547460690] CARD     '@everyone XOM 145C at 0.52 weekly expiry.. go small'
2026-07-08T14:08:22+00:00 [mike        |discord_979306667319656479_1337877131975463085] RECV     'PENG 100C @ 1 LOTTO @Options Day Trade Alerts'
2026-07-08T14:08:27+00:00 [mike        |discord_979306667319656479_1337877131975463085] CARD     'PENG 100C @ 1 LOTTO @Options Day Trade Alerts'
2026-07-08T14:12:10+00:00 [mike        |discord_979306667319656479_1337877131975463085] RECV     'Brb plz dont kill the market (edited)\nWednesday, July 8, 2026 at 9:11 AM'
2026-07-08T14:12:10+00:00 [mike        |discord_979306667319656479_1337877131975463085] REJECT   'Brb plz dont kill the market (edited)\nWednesday, July 8, 2026 at 9:11 AM'
2026-07-08T14:15:33+00:00 [optionking  |discord_1322013046159441951_1322017529547460690] RECV     '@everyone XOM 145C at 0.52 weekly expiry.. go small'
2026-07-08T14:28:51+00:00 [mike        |discord_979306667319656479_1337877131975463085] RECV     'NBIS 235C @ 1.8 @Options Day Trade Alerts  starter'
2026-07-08T14:32:16+00:00 [mike        |discord_979306667319656479_1337877131975463085] RECV     'NBIS 130% 1/2 out @Options Day Trade Alerts'
2026-07-08T14:32:16+00:00 [mike        |discord_979306667319656479_1337877131975463085] MGMT     'NBIS 130% 1/2 out @Options Day Trade Alerts'
2026-07-08T14:32:37+00:00 [mike        |discord_979306667319656479_1337877131975463085] RECV     '2/2 both over 100% - be back around 2PM'
2026-07-08T14:32:37+00:00 [mike        |discord_979306667319656479_1337877131975463085] REJECT   '2/2 both over 100% - be back around 2PM'
2026-07-08T14:43:24+00:00 [jmt         |discord_799297438765809704_990683297451495475] RECV     '740P\n2.08\n7/9\nSL:744.50\n@JMoneyAlerts🕵🏾\u200d♂️'
2026-07-08T14:43:32+00:00 [jmt         |discord_799297438765809704_990683297451495475] CARD     '740P\n2.08\n7/9\nSL:744.50\n@JMoneyAlerts🕵🏾\u200d♂️'
2026-07-08T14:48:13+00:00 [jmt         |discord_799297438765809704_990683297451495475] RECV     '740P 2.08 7/9 SL:744.50 @JMoneyAlerts🕵🏾\u200d♂️'
2026-07-08T14:50:30+00:00 [jmt         |discord_799297438765809704_990683297451495475] RECV     '12% @JMoneyAlerts🕵🏾\u200d♂️'
2026-07-08T14:50:30+00:00 [jmt         |discord_799297438765809704_990683297451495475] MGMT     '12% @JMoneyAlerts🕵🏾\u200d♂️'
2026-07-08T14:50:30+00:00 [jmt         |discord_799297438765809704_990683297451495475] REJECT   '12% @JMoneyAlerts🕵🏾\u200d♂️'
2026-07-08T15:01:42+00:00 [sulker      |discord_979306667319656479_1346913693056897084] RECV     'NVDA, watching 200 for a possible short. Huge level there. Playing for a possible sell news @Options Day Trade Alerts'
2026-07-08T15:01:42+00:00 [sulker      |discord_979306667319656479_1346913693056897084] REJECT   'NVDA, watching 200 for a possible short. Huge level there. Playing for a possible sell news @Options Day Trade Alerts'
2026-07-08T15:05:08+00:00 [sulker      |discord_979306667319656479_1346913693056897084] RECV     'Watching DINO for CALLs @Options Day Trade Alerts  we have room till 90 but it can take time'
2026-07-08T15:05:08+00:00 [sulker      |discord_979306667319656479_1346913693056897084] REJECT   'Watching DINO for CALLs @Options Day Trade Alerts  we have room till 90 but it can take time'
2026-07-08T15:05:46+00:00 [sulker      |discord_979306667319656479_1346913693056897084] RECV     'i couldnt get filled into this one, but is worth watching'
2026-07-08T15:05:46+00:00 [sulker      |discord_979306667319656479_1346913693056897084] REJECT   'i couldnt get filled into this one, but is worth watching'
2026-07-08T15:11:18+00:00 [sulker      |discord_979306667319656479_1346913693056897084] RECV     'About this PUTs. 740 is heavy PUT zone for SPY (a lot of PUT there).   What we need? --> VIX squeezing above 17! Semis-S'
2026-07-08T15:11:18+00:00 [sulker      |discord_979306667319656479_1346913693056897084] REJECT   'About this PUTs. 740 is heavy PUT zone for SPY (a lot of PUT there).   What we need? --> VIX squeezing above 17! Semis-S'
2026-07-08T15:16:42+00:00 [jmt         |discord_799297438765809704_990683297451495475] RECV     '20% @JMoneyAlerts🕵🏾\u200d♂️'
2026-07-08T15:16:42+00:00 [jmt         |discord_799297438765809704_990683297451495475] MGMT     '20% @JMoneyAlerts🕵🏾\u200d♂️'
2026-07-08T15:16:42+00:00 [jmt         |discord_799297438765809704_990683297451495475] REJECT   '20% @JMoneyAlerts🕵🏾\u200d♂️'
2026-07-08T15:24:15+00:00 [jmt         |discord_799297438765809704_990683297451495475] RECV     '32% SPY PUTS @JMoneyAlerts🕵🏾\u200d♂️ taking some off here'
2026-07-08T15:24:15+00:00 [jmt         |discord_799297438765809704_990683297451495475] MGMT     '32% SPY PUTS @JMoneyAlerts🕵🏾\u200d♂️ taking some off here'
2026-07-08T15:26:07+00:00 [jmt         |discord_799297438765809704_990683297451495475] RECV     '40% @JMoneyAlerts🕵🏾\u200d♂️'
2026-07-08T15:26:07+00:00 [jmt         |discord_799297438765809704_990683297451495475] MGMT     '40% @JMoneyAlerts🕵🏾\u200d♂️'
2026-07-08T15:26:07+00:00 [jmt         |discord_799297438765809704_990683297451495475] REJECT   '40% @JMoneyAlerts🕵🏾\u200d♂️'
2026-07-08T15:26:36+00:00 [sulker      |discord_979306667319656479_1346913693056897084] RECV     'Gimme VIX 20 and below 740 and july puts gonna print so badly!'
2026-07-08T15:26:36+00:00 [sulker      |discord_979306667319656479_1346913693056897084] REJECT   'Gimme VIX 20 and below 740 and july puts gonna print so badly!'
2026-07-08T16:00:42+00:00 [jmt         |manual] LOGGED   'logged SPY 740P 2.15->2.7 x5 = +275'
2026-07-08T16:02:25+00:00 [sulker      |discord_979306667319656479_1346913693056897084] RECV     'NVDA 0dte 200C .17 SMALL SIZE @Options Day Trade Alerts  maybe we need dips'
2026-07-08T16:02:28+00:00 [sulker      |discord_979306667319656479_1346913693056897084] CARD     'NVDA 0dte 200C .17 SMALL SIZE @Options Day Trade Alerts  maybe we need dips'
2026-07-08T16:05:27+00:00 [sulker      |discord_979306667319656479_1346913693056897084] RECV     'NVDA 0dte 200C .17 SMALL SIZE @Options Day Trade Alerts  maybe we need dips'
2026-07-08T16:05:43+00:00 [sulker      |discord_979306667319656479_1346913693056897084] RECV     'i can hold the size till decent %% or 200 touch'
2026-07-08T16:05:43+00:00 [sulker      |discord_979306667319656479_1346913693056897084] REJECT   'i can hold the size till decent %% or 200 touch'
2026-07-08T16:06:50+00:00 [sulker      |discord_979306667319656479_1346913693056897084] RECV     'once we touch 200, im gonna flip for puts'
2026-07-08T16:06:50+00:00 [sulker      |discord_979306667319656479_1346913693056897084] REJECT   'once we touch 200, im gonna flip for puts'
2026-07-08T16:07:09+00:00 [prince_small|discord_799297438765809704_1143653301599088670] RECV     "Watching $AAPL $315 calls July 10\n1.15 entry @everyone \nJsut waiting as it's right at my resistance but it looks to be s"
2026-07-08T16:07:13+00:00 [prince_small|discord_799297438765809704_1143653301599088670] CARD     "Watching $AAPL $315 calls July 10\n1.15 entry @everyone \nJsut waiting as it's right at my resistance but it looks to be s"
2026-07-08T16:07:34+00:00 [prince_small|discord_799297438765809704_1143653301599088670] RECV     "Watching $AAPL $315 calls July 10\n1.10 entry @everyone \nJsut waiting as it's right at my resistance but it looks to be s"
2026-07-08T16:11:51+00:00 [jmt         |discord_799297438765809704_990683297451495475] RECV     'Stopped out on runners @JMoneyAlerts🕵🏾\u200d♂️'
2026-07-08T16:11:51+00:00 [jmt         |discord_799297438765809704_990683297451495475] MGMT     'Stopped out on runners @JMoneyAlerts🕵🏾\u200d♂️'
2026-07-08T16:28:50+00:00 [optionking  |discord_1322013046159441951_1322017529547460690] RECV     '@everyone XOM 145C at 0.52 weekly expiry.. go small'
2026-07-08T16:29:00+00:00 [sulker      |discord_979306667319656479_1346913693056897084] RECV     'NVDA 0dte 200C .17 SMALL SIZE @Options Day Trade Alerts  maybe we need dips'
2026-07-08T16:29:00+00:00 [sulker      |discord_979306667319656479_1346913693056897084] RECV     'NVDA 0dte 200C .17 SMALL SIZE @Options Day Trade Alerts  maybe we need dips'
2026-07-08T16:29:00+00:00 [sulker      |discord_979306667319656479_1346913693056897084] RECV     'NVDA 197.5p .20 small size with those profits @Options Day Trade Alerts  NO SL'
2026-07-08T16:29:08+00:00 [sulker      |discord_979306667319656479_1346913693056897084] CARD     'NVDA 197.5p .20 small size with those profits @Options Day Trade Alerts  NO SL'
2026-07-08T16:29:08+00:00 [sulker      |discord_979306667319656479_1346913693056897084] RECV     'NVDA 197.5p .20 small size with those profits @Options Day Trade Alerts  NO SL'
2026-07-08T16:29:08+00:00 [sulker      |discord_979306667319656479_1346913693056897084] RECV     'risk --> potential pin around 200'
2026-07-08T16:29:08+00:00 [sulker      |discord_979306667319656479_1346913693056897084] REJECT   'risk --> potential pin around 200'
2026-07-08T16:29:17+00:00 [prince_small|discord_799297438765809704_1143653301599088670] RECV     'Up 18% on $AAPL calls @everyone'
2026-07-08T16:29:17+00:00 [prince_small|discord_799297438765809704_1143653301599088670] MGMT     'Up 18% on $AAPL calls @everyone'
2026-07-08T16:29:17+00:00 [prince_small|discord_799297438765809704_1143653301599088670] REJECT   'Up 18% on $AAPL calls @everyone'
2026-07-08T16:30:00+00:00 [prince_small|discord_799297438765809704_1143653301599088670] RECV     'We are up 26% on $AAPL calls @everyone This trade is playing out!!!'
2026-07-08T16:30:00+00:00 [prince_small|discord_799297438765809704_1143653301599088670] MGMT     'We are up 26% on $AAPL calls @everyone This trade is playing out!!!'
2026-07-08T16:30:00+00:00 [prince_small|discord_799297438765809704_1143653301599088670] REJECT   'We are up 26% on $AAPL calls @everyone This trade is playing out!!!'
2026-07-08T16:40:00+00:00 [prince_small|discord_799297438765809704_1143653301599088670] RECV     'Up 42% on $AAPL calls. Patience paying off!!! LETS GOOO!!! @everyone'
2026-07-08T16:40:00+00:00 [prince_small|discord_799297438765809704_1143653301599088670] MGMT     'Up 42% on $AAPL calls. Patience paying off!!! LETS GOOO!!! @everyone'
2026-07-08T16:41:10+00:00 [prince_small|discord_799297438765809704_1143653301599088670] RECV     '50% on $AAPL calls @everyone FLYING!!'
2026-07-08T16:41:10+00:00 [prince_small|discord_799297438765809704_1143653301599088670] MGMT     '50% on $AAPL calls @everyone FLYING!!'
2026-07-08T16:41:10+00:00 [prince_small|discord_799297438765809704_1143653301599088670] REJECT   '50% on $AAPL calls @everyone FLYING!!'
2026-07-08T16:49:11+00:00 [prince_small|discord_799297438765809704_1143653301599088670] RECV     'WE ARE UP 65% ON $AAPL CALLS @everyone WE BACK!!'
2026-07-08T16:49:11+00:00 [prince_small|discord_799297438765809704_1143653301599088670] MGMT     'WE ARE UP 65% ON $AAPL CALLS @everyone WE BACK!!'
2026-07-08T16:49:11+00:00 [prince_small|discord_799297438765809704_1143653301599088670] REJECT   'WE ARE UP 65% ON $AAPL CALLS @everyone WE BACK!!'
2026-07-08T16:49:37+00:00 [sulker      |discord_979306667319656479_1346913693056897084] RECV     'AAPL 315c .20 lotto playing the possible squeeze @Options Day Trade Alerts  >312.5'
2026-07-08T16:49:45+00:00 [sulker      |discord_979306667319656479_1346913693056897084] CARD     'AAPL 315c .20 lotto playing the possible squeeze @Options Day Trade Alerts  >312.5'
2026-07-08T16:52:53+00:00 [sulker      |discord_979306667319656479_1346913693056897084] RECV     'AAPL 315c .20 lotto playing the possible squeeze @Options Day Trade Alerts  >312.5'
2026-07-08T16:53:06+00:00 [sulker      |discord_979306667319656479_1346913693056897084] RECV     'till 315 we have room, im in lotto size, so no sell til 315 for me.'
2026-07-08T16:53:06+00:00 [sulker      |discord_979306667319656479_1346913693056897084] REJECT   'till 315 we have room, im in lotto size, so no sell til 315 for me.'
2026-07-08T16:55:22+00:00 [prince_small|discord_799297438765809704_1143653301599088670] RECV     'Up 83% on AAPL calls @everyone price target has been HITselling here. Moving onto the next trade!! Very clean trade'
2026-07-08T16:55:22+00:00 [prince_small|discord_799297438765809704_1143653301599088670] MGMT     'Up 83% on AAPL calls @everyone price target has been HITselling here. Moving onto the next trade!! Very clean trade'
2026-07-08T17:04:02+00:00 [sulker      |discord_979306667319656479_1346913693056897084] RECV     'AAPL 315c .20 lotto playing the possible squeeze @Options Day Trade Alerts  >312.5'
2026-07-08T17:08:05+00:00 [prince_small|discord_799297438765809704_1143653301599088670] RECV     "In $AAPL calls at 1.03 stop loss 0.80. 1 contract Let's see if we get a consistent move today, but either way. Plan on s"
2026-07-08T17:08:13+00:00 [prince_small|discord_799297438765809704_1143653301599088670] CARD     "In $AAPL calls at 1.03 stop loss 0.80. 1 contract Let's see if we get a consistent move today, but either way. Plan on s"
2026-07-08T17:12:22+00:00 [sulker      |discord_979306667319656479_1346913693056897084] RECV     'AAPL 315c .20 lotto playing the possible squeeze @Options Day Trade Alerts  >312.5'
2026-07-08T17:13:43+00:00 [sulker      |discord_979306667319656479_1346913693056897084] RECV     'Respect the level and we might see a good final hours for AAPL NVDA is done for me, in term of upside but AVGO still has'
2026-07-08T17:13:43+00:00 [sulker      |discord_979306667319656479_1346913693056897084] MGMT     'Respect the level and we might see a good final hours for AAPL NVDA is done for me, in term of upside but AVGO still has'
2026-07-08T17:13:43+00:00 [sulker      |discord_979306667319656479_1346913693056897084] REJECT   'Respect the level and we might see a good final hours for AAPL NVDA is done for me, in term of upside but AVGO still has'
2026-07-08T17:20:56+00:00 [jmt         |discord_799297438765809704_990683297451495475] RECV     '748C\n1.75\n7/10\nSL:743.85\n@JMoneyAlerts🕵🏾\u200d♂️'
2026-07-08T17:21:04+00:00 [jmt         |discord_799297438765809704_990683297451495475] CARD     '748C\n1.75\n7/10\nSL:743.85\n@JMoneyAlerts🕵🏾\u200d♂️'
2026-07-09T15:03:32+00:00 [jmt         |discord_799297438765809704_990683297451495475] RECV     '82% @JMoneyAlerts🕵🏾\u200d♂️ SPY COOKING'
2026-07-09T15:03:32+00:00 [jmt         |discord_799297438765809704_990683297451495475] MGMT     '82% @JMoneyAlerts🕵🏾\u200d♂️ SPY COOKING'
2026-07-09T15:03:32+00:00 [jmt         |discord_799297438765809704_990683297451495475] REJECT   '82% @JMoneyAlerts🕵🏾\u200d♂️ SPY COOKING'
2026-07-09T15:07:25+00:00 [optionking  |discord_1322013046159441951_1322017529547460690] RECV     '@everyone SPY 750C at 0.55 lotto small size..'
2026-07-09T15:07:32+00:00 [optionking  |discord_1322013046159441951_1322017529547460690] CARD     '@everyone SPY 750C at 0.55 lotto small size..'
2026-07-09T15:09:26+00:00 [jmt         |discord_799297438765809704_990683297451495475] RECV     'Back up 72% @JMoneyAlerts🕵🏾\u200d♂️'
2026-07-09T15:09:26+00:00 [jmt         |discord_799297438765809704_990683297451495475] MGMT     'Back up 72% @JMoneyAlerts🕵🏾\u200d♂️'
2026-07-09T15:09:26+00:00 [jmt         |discord_799297438765809704_990683297451495475] REJECT   'Back up 72% @JMoneyAlerts🕵🏾\u200d♂️'
2026-07-09T15:20:37+00:00 [optionking  |discord_1322013046159441951_1322017529547460690] RECV     '@everyone AAPL 315C at 0.90 SL 20% weekly expiry'
2026-07-09T15:20:43+00:00 [optionking  |discord_1322013046159441951_1322017529547460690] CARD     '@everyone AAPL 315C at 0.90 SL 20% weekly expiry'
2026-07-09T15:24:25+00:00 [jmt         |discord_799297438765809704_990683297451495475] RECV     '90% @JMoneyAlerts🕵🏾\u200d♂️'
2026-07-09T15:24:25+00:00 [jmt         |discord_799297438765809704_990683297451495475] MGMT     '90% @JMoneyAlerts🕵🏾\u200d♂️'
2026-07-09T15:24:25+00:00 [jmt         |discord_799297438765809704_990683297451495475] REJECT   '90% @JMoneyAlerts🕵🏾\u200d♂️'
2026-07-09T15:27:41+00:00 [optionking  |discord_1322013046159441951_1322017529547460690] RECV     '@everyone AAPL 315C at 0.90 SL 20% weekly expiry'
2026-07-09T15:43:34+00:00 [jmt         |discord_799297438765809704_990683297451495475] RECV     '102% and are itm please manage your trade ya on your own @JMoneyAlerts🕵🏾\u200d♂️'
2026-07-09T15:43:34+00:00 [jmt         |discord_799297438765809704_990683297451495475] MGMT     '102% and are itm please manage your trade ya on your own @JMoneyAlerts🕵🏾\u200d♂️'
2026-07-09T15:43:34+00:00 [jmt         |discord_799297438765809704_990683297451495475] REJECT   '102% and are itm please manage your trade ya on your own @JMoneyAlerts🕵🏾\u200d♂️'
2026-07-09T15:48:39+00:00 [prince      |discord_799297438765809704_990683044874711131] RECV     'Back up 10% on $TSLA @everyone Plan on swinging till tomorrow'
2026-07-09T15:48:39+00:00 [prince      |discord_799297438765809704_990683044874711131] MGMT     'Back up 10% on $TSLA @everyone Plan on swinging till tomorrow'
2026-07-09T15:48:39+00:00 [prince      |discord_799297438765809704_990683044874711131] REJECT   'Back up 10% on $TSLA @everyone Plan on swinging till tomorrow'
2026-07-09T15:50:11+00:00 [prince      |discord_799297438765809704_990683044874711131] RECV     'Up 45% on $TSLA @everyone'
2026-07-09T15:50:11+00:00 [prince      |discord_799297438765809704_990683044874711131] MGMT     'Up 45% on $TSLA @everyone'
2026-07-09T15:50:11+00:00 [prince      |discord_799297438765809704_990683044874711131] REJECT   'Up 45% on $TSLA @everyone'
2026-07-09T15:50:39+00:00 [prince      |discord_799297438765809704_990683044874711131] RECV     '55% on $TSLA calls @everyone'
2026-07-09T15:50:39+00:00 [prince      |discord_799297438765809704_990683044874711131] MGMT     '55% on $TSLA calls @everyone'
2026-07-09T15:50:39+00:00 [prince      |discord_799297438765809704_990683044874711131] REJECT   '55% on $TSLA calls @everyone'
2026-07-09T15:54:44+00:00 [mike        |discord_979306667319656479_1337877131975463085] RECV     'Market up 27 points cons aren’t doing a thing. Cutting here at break even (1.05 avg) smh @Options Day Trade Alerts'
2026-07-09T15:54:44+00:00 [mike        |discord_979306667319656479_1337877131975463085] MGMT     'Market up 27 points cons aren’t doing a thing. Cutting here at break even (1.05 avg) smh @Options Day Trade Alerts'
2026-07-09T15:57:21+00:00 [prince      |discord_799297438765809704_990683044874711131] RECV     'TSLA 405c July 10 1.45 entry @everyone'
2026-07-09T15:57:24+00:00 [prince      |discord_799297438765809704_990683044874711131] CARD     'TSLA 405c July 10 1.45 entry @everyone'
2026-07-09T15:57:25+00:00 [prince      |manual] LOGGED   'logged TSLA 405C 1.45->2.7 x5 = +625'
2026-07-09T16:00:21+00:00 [jmt         |discord_799297438765809704_990683297451495475] RECV     '115% gonna take 3 off here have 3 left @JMoneyAlerts🕵🏾\u200d♂️'
2026-07-09T16:00:21+00:00 [jmt         |discord_799297438765809704_990683297451495475] MGMT     '115% gonna take 3 off here have 3 left @JMoneyAlerts🕵🏾\u200d♂️'
2026-07-09T16:04:03+00:00 [optionking  |discord_1322013046159441951_1322017529547460690] RECV     '@everyone SPY 750C at 0.55 lotto small size..'
2026-07-09T16:06:01+00:00 [jmt         |discord_799297438765809704_990683297451495475] RECV     'What I’m watching for \n\nI wanna see spy break and hold above this supply and flip this recent supply and turn it into de'
2026-07-09T16:06:01+00:00 [jmt         |discord_799297438765809704_990683297451495475] REJECT   'What I’m watching for \n\nI wanna see spy break and hold above this supply and flip this recent supply and turn it into de'
2026-07-09T16:08:25+00:00 [optionking  |discord_1322013046159441951_1322017529547460690] RECV     '@everyone SPY 750C at 0.55 lotto small size..'
2026-07-09T16:08:32+00:00 [sulker      |discord_979306667319656479_1346913693056897084] RECV     'SPCX 1DTE 157.5c .74 only 1 contract @Options Day Trade Alerts'
2026-07-09T16:08:35+00:00 [sulker      |discord_979306667319656479_1346913693056897084] CARD     'SPCX 1DTE 157.5c .74 only 1 contract @Options Day Trade Alerts'
2026-07-09T16:08:39+00:00 [sulker      |discord_979306667319656479_1346913693056897084] RECV     'SPCX 1DTE 157.5c .74 only 1 contract @Options Day Trade Alerts'
2026-07-09T16:09:50+00:00 [optionking  |discord_1322013046159441951_1322017529547460690] RECV     'Sold all SPY with 150%..'
2026-07-09T16:09:50+00:00 [optionking  |discord_1322013046159441951_1322017529547460690] MGMT     'Sold all SPY with 150%..'
2026-07-09T16:10:59+00:00 [sulker      |discord_979306667319656479_1346913693056897084] RECV     'SPCX 1DTE 157.5c .74 only 1 contract @Options Day Trade Alerts'
2026-07-09T16:15:27+00:00 [prince      |discord_799297438765809704_990683044874711131] RECV     '70% ON $TSLA CALLS LOOK AT THAT BREAKOUT!! @everyone'
2026-07-09T16:15:27+00:00 [prince      |discord_799297438765809704_990683044874711131] MGMT     '70% ON $TSLA CALLS LOOK AT THAT BREAKOUT!! @everyone'
2026-07-09T16:15:27+00:00 [prince      |discord_799297438765809704_990683044874711131] REJECT   '70% ON $TSLA CALLS LOOK AT THAT BREAKOUT!! @everyone'
2026-07-09T16:16:42+00:00 [optionking  |discord_1322013046159441951_1322017529547460690] RECV     '@everyone TSLA 410C at 0.80 weekly expiry SL 20%'
2026-07-09T16:16:47+00:00 [optionking  |discord_1322013046159441951_1322017529547460690] CARD     '@everyone TSLA 410C at 0.80 weekly expiry SL 20%'
2026-07-09T16:35:29+00:00 [sulker      |discord_979306667319656479_1346913693056897084] RECV     'SPX EOD is looking good for EOD.\n\nRoom for 7550s. \n\nGonna be melt up, if you pick 7550c now, you cannot get paid cause c'
2026-07-09T16:35:29+00:00 [sulker      |discord_979306667319656479_1346913693056897084] REJECT   'SPX EOD is looking good for EOD.\n\nRoom for 7550s. \n\nGonna be melt up, if you pick 7550c now, you cannot get paid cause c'
2026-07-09T16:40:47+00:00 [optionking  |discord_1322013046159441951_1322017529547460690] RECV     '@everyone SPX 7550C at 1.10 lotto size 0.. 1 con only'
2026-07-09T16:40:51+00:00 [optionking  |discord_1322013046159441951_1322017529547460690] CARD     '@everyone SPX 7550C at 1.10 lotto size 0.. 1 con only'
2026-07-09T17:06:50+00:00 [prince      |discord_799297438765809704_990683044874711131] RECV     '128% on $TSLA @everyone 404 PRICE TARGET HIT!!!!'
2026-07-09T17:06:50+00:00 [prince      |discord_799297438765809704_990683044874711131] MGMT     '128% on $TSLA @everyone 404 PRICE TARGET HIT!!!!'
2026-07-09T17:06:50+00:00 [prince      |discord_799297438765809704_990683044874711131] REJECT   '128% on $TSLA @everyone 404 PRICE TARGET HIT!!!!'
2026-07-09T17:07:44+00:00 [optionking  |discord_1322013046159441951_1322017529547460690] RECV     '@everyone SPX 7550C at 1.10 lotto size 0.. 1 con only'
2026-07-09T17:17:16+00:00 [optionking  |discord_1322013046159441951_1322017529547460690] RECV     '@everyone SPX 7550C at 1.10 lotto size 0.. 1 con only'
2026-07-09T17:19:05+00:00 [optionking  |discord_1322013046159441951_1322017529547460690] RECV     '@everyone SPX 7550C at 1.10 lotto size 0.. 1 con only'
2026-07-09T17:19:20+00:00 [mike        |discord_979306667319656479_1337877131975463085] RECV     'Avgo 415c 1.5 1dte @Options Day Trade Alerts'
2026-07-09T17:19:25+00:00 [mike        |discord_979306667319656479_1337877131975463085] CARD     'Avgo 415c 1.5 1dte @Options Day Trade Alerts'
2026-07-09T17:19:43+00:00 [jmt         |discord_799297438765809704_990683297451495475] RECV     '755C\n1.20\n7/13\nSL:750.30\n@JMoneyAlerts🕵🏾\u200d♂️ \nSwing play'
2026-07-09T17:19:48+00:00 [jmt         |discord_799297438765809704_990683297451495475] CARD     '755C\n1.20\n7/13\nSL:750.30\n@JMoneyAlerts🕵🏾\u200d♂️ \nSwing play'
2026-07-09T17:20:06+00:00 [sulker      |discord_979306667319656479_1346913693056897084] RECV     'SPX EOD is looking good for EOD.  Room for 7550s.   Gonna be melt up, if you pick 7550c now, you cannot get paid cause c'
2026-07-09T17:20:06+00:00 [sulker      |discord_979306667319656479_1346913693056897084] REJECT   'SPX EOD is looking good for EOD.  Room for 7550s.   Gonna be melt up, if you pick 7550c now, you cannot get paid cause c'
2026-07-09T17:21:03+00:00 [optionking  |discord_1322013046159441951_1322017529547460690] RECV     '@everyone SPX 7550C at 1.10 lotto size 0.. 1 con only'
2026-07-09T17:21:41+00:00 [prince      |discord_799297438765809704_990683044874711131] RECV     '165% on $TSLA calls and we now ITM @everyone'
2026-07-09T17:21:41+00:00 [prince      |discord_799297438765809704_990683044874711131] MGMT     '165% on $TSLA calls and we now ITM @everyone'
2026-07-09T17:21:41+00:00 [prince      |discord_799297438765809704_990683044874711131] REJECT   '165% on $TSLA calls and we now ITM @everyone'
2026-07-09T17:25:53+00:00 [mike        |discord_979306667319656479_1337877131975463085] RECV     'Spcx 160c .55 @Options Day Trade Alerts  lotto'
2026-07-09T17:25:54+00:00 [mike        |discord_979306667319656479_1337877131975463085] REJECT   'Spcx 160c .55 @Options Day Trade Alerts  lotto'
2026-07-09T17:29:19+00:00 [optionking  |discord_1322013046159441951_1322017529547460690] RECV     '@everyone SPX 7550C at 1.10 lotto size 0.. 1 con only'
2026-07-09T17:29:46+00:00 [jmt         |discord_799297438765809704_990683297451495475] RECV     '755C 1.20 7/13 SL:750.30 @JMoneyAlerts🕵🏾\u200d♂️  Swing play'
2026-07-09T17:48:10+00:00 [sulker      |discord_979306667319656479_1346913693056897084] RECV     'SPX EOD is looking good for EOD.  Room for 7550s.   Gonna be melt up, if you pick 7550c now, you cannot get paid cause c'
2026-07-09T17:48:10+00:00 [sulker      |discord_979306667319656479_1346913693056897084] REJECT   'SPX EOD is looking good for EOD.  Room for 7550s.   Gonna be melt up, if you pick 7550c now, you cannot get paid cause c'
2026-07-09T17:59:08+00:00 [sulker      |discord_979306667319656479_1346913693056897084] RECV     'HOOD play swing \n\nHOOD has room for 120, if i dont get filled i will play it tomorrow but if we gap up 120, trade will b'
2026-07-09T17:59:12+00:00 [sulker      |discord_979306667319656479_1346913693056897084] CARD     'HOOD play swing \n\nHOOD has room for 120, if i dont get filled i will play it tomorrow but if we gap up 120, trade will b'
2026-07-09T18:07:48+00:00 [sulker      |discord_979306667319656479_1346913693056897084] RECV     'SPX EOD is looking good for EOD.  Room for 7550s.   Gonna be melt up, if you pick 7550c now, you cannot get paid cause c'
2026-07-09T18:07:48+00:00 [sulker      |discord_979306667319656479_1346913693056897084] REJECT   'SPX EOD is looking good for EOD.  Room for 7550s.   Gonna be melt up, if you pick 7550c now, you cannot get paid cause c'
2026-07-09T18:16:58+00:00 [sulker      |discord_979306667319656479_1346913693056897084] RECV     'SPCX 1DTE 157.5c .74 only 1 contract @Options Day Trade Alerts'
2026-07-09T18:22:03+00:00 [prince      |discord_799297438765809704_990683044874711131] RECV     'We up 188% on $TSLA calls @everyone'
2026-07-09T18:22:03+00:00 [prince      |discord_799297438765809704_990683044874711131] MGMT     'We up 188% on $TSLA calls @everyone'
2026-07-09T18:22:03+00:00 [prince      |discord_799297438765809704_990683044874711131] REJECT   'We up 188% on $TSLA calls @everyone'
2026-07-09T18:34:02+00:00 [mike        |discord_979306667319656479_1337877131975463085] RECV     'Both Avgo / spacx are overnight holds for me. \n\n@Options Day Trade Alerts\n\nSpacX doesn’t seem to move much overnight but'
2026-07-09T18:34:02+00:00 [mike        |discord_979306667319656479_1337877131975463085] MGMT     'Both Avgo / spacx are overnight holds for me. \n\n@Options Day Trade Alerts\n\nSpacX doesn’t seem to move much overnight but'
2026-07-09T18:34:02+00:00 [mike        |discord_979306667319656479_1337877131975463085] REJECT   'Both Avgo / spacx are overnight holds for me. \n\n@Options Day Trade Alerts\n\nSpacX doesn’t seem to move much overnight but'
2026-07-09T18:41:35+00:00 [optionking  |discord_1322013046159441951_1322017529547460690] RECV     '@everyone SPX 7550C at 0.70 lotto...1 con only'
2026-07-09T18:54:17+00:00 [mike        |discord_979306667319656479_1337877131975463085] RECV     '7545c 1.25 lotto 3 pm @Options Day Trade Alerts'
2026-07-09T18:54:21+00:00 [mike        |discord_979306667319656479_1337877131975463085] CARD     '7545c 1.25 lotto 3 pm @Options Day Trade Alerts'
2026-07-09T18:57:05+00:00 [sulker      |discord_979306667319656479_1346913693056897084] RECV     'HOOD 119c 1DTE .80 low size (is a swing and we cannot sell overnight) @Options Day Trade Alerts'
2026-07-09T19:01:19+00:00 [mike        |discord_979306667319656479_1337877131975463085] RECV     'cutting .75 @Options Day Trade Alerts'
2026-07-09T19:01:19+00:00 [mike        |discord_979306667319656479_1337877131975463085] MGMT     'cutting .75 @Options Day Trade Alerts'
2026-07-09T19:03:11+00:00 [mike        |discord_979306667319656479_1337877131975463085] RECV     'looks like test 7530'
2026-07-09T19:03:12+00:00 [mike        |discord_979306667319656479_1337877131975463085] REJECT   'looks like test 7530'
2026-07-09T19:20:11+00:00 [mike        |discord_979306667319656479_1337877131975463085] RECV     '75'
2026-07-09T19:20:12+00:00 [mike        |discord_979306667319656479_1337877131975463085] REJECT   '75'
2026-07-09T19:21:43+00:00 [optionking  |discord_1322013046159441951_1322017529547460690] RECV     '@everyone SPX 7550C at 0.70 lotto...1 con only'
2026-07-09T19:22:22+00:00 [optionking  |discord_1322013046159441951_1322017529547460690] RECV     'NVDA 205C up 50% secure some profit guys'
2026-07-09T19:22:22+00:00 [optionking  |discord_1322013046159441951_1322017529547460690] MGMT     'NVDA 205C up 50% secure some profit guys'
2026-07-09T19:46:26+00:00 [mike        |discord_979306667319656479_1337877131975463085] RECV     '7535P .75 EOD lotto @Options Day Trade Alerts'
2026-07-09T19:46:30+00:00 [mike        |discord_979306667319656479_1337877131975463085] CARD     '7535P .75 EOD lotto @Options Day Trade Alerts'
2026-07-09T19:47:12+00:00 [mike        |discord_979306667319656479_1337877131975463085] RECV     "7535P .75 EOD lotto @Options Day Trade Alerts  maybe'"
2026-07-09T19:48:01+00:00 [sulker      |discord_979306667319656479_1346913693056897084] RECV     'SPX 7535p .80 EOD Lotto, close can be so random @Options Day Trade Alerts  gonna set 5.00'
2026-07-09T19:48:05+00:00 [sulker      |discord_979306667319656479_1346913693056897084] CARD     'SPX 7535p .80 EOD Lotto, close can be so random @Options Day Trade Alerts  gonna set 5.00'
2026-07-09T19:50:37+00:00 [mike        |discord_979306667319656479_1337877131975463085] RECV     '7535P .75 EOD lotto @Options Day Trade Alerts'
2026-07-09T19:51:14+00:00 [mike        |discord_979306667319656479_1337877131975463085] RECV     'gonna go pray to the porcelian throne for 3 more hours'
2026-07-09T19:51:14+00:00 [mike        |discord_979306667319656479_1337877131975463085] REJECT   'gonna go pray to the porcelian throne for 3 more hours'
2026-07-09T19:58:30+00:00 [sulker      |discord_979306667319656479_1346913693056897084] RECV     'SPX 7535p .80 EOD Lotto, close can be so random @Options Day Trade Alerts  gonna set 5.00'
2026-07-09T19:59:07+00:00 [mike        |discord_979306667319656479_1337877131975463085] RECV     'spy put in 1 min anyone? @Options Day Trade Alerts'
2026-07-09T19:59:08+00:00 [mike        |discord_979306667319656479_1337877131975463085] REJECT   'spy put in 1 min anyone? @Options Day Trade Alerts'
2026-07-09T19:59:24+00:00 [mike        |discord_979306667319656479_1337877131975463085] RECV     '7540p /5'
2026-07-09T19:59:25+00:00 [mike        |discord_979306667319656479_1337877131975463085] MGMT     '7540p /5'
2026-07-09T19:59:26+00:00 [mike        |discord_979306667319656479_1337877131975463085] RECV     '.5'
2026-07-09T19:59:28+00:00 [mike        |discord_979306667319656479_1337877131975463085] REJECT   '.5'
2026-07-09T19:59:42+00:00 [sulker      |discord_979306667319656479_1346913693056897084] RECV     'HOOD 119c 1DTE .80 low size (is a swing and we cannot sell overnight) @Options Day Trade Alerts'
2026-07-09T20:00:01+00:00 [mike        |discord_979306667319656479_1337877131975463085] RECV     '751P .05'
2026-07-09T20:00:02+00:00 [mike        |discord_979306667319656479_1337877131975463085] REJECT   '751P .05'
2026-07-09T20:01:02+00:00 [mike        |discord_979306667319656479_1337877131975463085] RECV     'done .12 @Options Day Trade Alerts'
2026-07-09T20:01:03+00:00 [mike        |discord_979306667319656479_1337877131975463085] REJECT   'done .12 @Options Day Trade Alerts'
2026-07-09T20:01:31+00:00 [mike        |discord_979306667319656479_1337877131975463085] RECV     'https://klipy.com/gifs/poop-dancing-poop-3'
2026-07-09T20:01:32+00:00 [mike        |discord_979306667319656479_1337877131975463085] REJECT   'https://klipy.com/gifs/poop-dancing-poop-3'
2026-07-09T20:02:58+00:00 [mike        |discord_979306667319656479_1337877131975463085] RECV     '751c .35'
2026-07-09T20:02:59+00:00 [mike        |discord_979306667319656479_1337877131975463085] REJECT   '751c .35'
2026-07-09T20:03:38+00:00 [mike        |discord_979306667319656479_1337877131975463085] RECV     '.5 sell orders'
2026-07-09T20:03:40+00:00 [mike        |discord_979306667319656479_1337877131975463085] REJECT   '.5 sell orders'
2026-07-09T20:23:03+00:00 [sulker      |discord_979306667319656479_1346913693056897084] RECV     'Market Outlook\n,\n The semiconductor sector is recovering after the aggressive sell-off over the past few days. This is c'
2026-07-09T20:23:03+00:00 [sulker      |discord_979306667319656479_1346913693056897084] REJECT   'Market Outlook\n,\n The semiconductor sector is recovering after the aggressive sell-off over the past few days. This is c'
2026-07-10T00:52:24+00:00 [sulker      |discord_979306667319656479_1346913693056897084] RECV     'Sulker - Recap 9 July 2026\n\n\nIWM 296P @ 0.60 → 1.02  +70%\n,\nPLTR 125P (Low Size) @ 1.25 → 0.90  -28%\n,\nHOOD 119C (Low Si'
2026-07-10T00:52:24+00:00 [sulker      |discord_979306667319656479_1346913693056897084] REJECT   'Sulker - Recap 9 July 2026\n\n\nIWM 296P @ 0.60 → 1.02  +70%\n,\nPLTR 125P (Low Size) @ 1.25 → 0.90  -28%\n,\nHOOD 119C (Low Si'
2026-07-10T12:07:10+00:00 [mike        |discord_979306667319656479_1337877131975463085] RECV     'EOD Recap | 7/9/26 \nNo new scalps posted today.\n\n— Yesterday (7/8) Summary —\n BABA 110C: .70 → 1.25 (+79%)\n 7480C: .90 →'
2026-07-10T12:07:10+00:00 [mike        |discord_979306667319656479_1337877131975463085] MGMT     'EOD Recap | 7/9/26 \nNo new scalps posted today.\n\n— Yesterday (7/8) Summary —\n BABA 110C: .70 → 1.25 (+79%)\n 7480C: .90 →'
2026-07-10T12:07:10+00:00 [mike        |discord_979306667319656479_1337877131975463085] REJECT   'EOD Recap | 7/9/26 \nNo new scalps posted today.\n\n— Yesterday (7/8) Summary —\n BABA 110C: .70 → 1.25 (+79%)\n 7480C: .90 →'
2026-07-10T13:00:12+00:00 [sulker      |discord_979306667319656479_1346913693056897084] RECV     'FRIDAY 0DTE HOT CONTRACT LIST \n,\n INTC  MAIN WATCH\n,\n With semis showing weakness, a break below $112 could trigger a se'
2026-07-10T13:00:12+00:00 [sulker      |discord_979306667319656479_1346913693056897084] MGMT     'FRIDAY 0DTE HOT CONTRACT LIST \n,\n INTC  MAIN WATCH\n,\n With semis showing weakness, a break below $112 could trigger a se'
2026-07-10T13:00:12+00:00 [sulker      |discord_979306667319656479_1346913693056897084] REJECT   'FRIDAY 0DTE HOT CONTRACT LIST \n,\n INTC  MAIN WATCH\n,\n With semis showing weakness, a break below $112 could trigger a se'
2026-07-10T13:00:12+00:00 [sulker      |discord_979306667319656479_1346913693056897084] RECV     'GOOGL\n,\n Above $357.50\n Potential squeeze toward $365.\n\n---\n\n\n CRCL\n,\n Bears are in danger here due to heavy negative ga'
2026-07-10T13:00:12+00:00 [sulker      |discord_979306667319656479_1346913693056897084] REJECT   'GOOGL\n,\n Above $357.50\n Potential squeeze toward $365.\n\n---\n\n\n CRCL\n,\n Bears are in danger here due to heavy negative ga'
2026-07-10T13:31:27+00:00 [jmt         |discord_799297438765809704_990683297451495475] RECV     '12% @JMoneyAlerts🕵🏾\u200d♂️'
2026-07-10T13:31:27+00:00 [jmt         |discord_799297438765809704_990683297451495475] MGMT     '12% @JMoneyAlerts🕵🏾\u200d♂️'
2026-07-10T13:32:45+00:00 [sulker      |discord_979306667319656479_1346913693056897084] RECV     'SNOW 0DTE 280c .81 only 1 contract @Options Day Trade Alerts'
2026-07-10T13:32:56+00:00 [sulker      |discord_979306667319656479_1346913693056897084] CARD     'SNOW 0DTE 280c .81 only 1 contract @Options Day Trade Alerts'
2026-07-10T13:32:57+00:00 [optionking  |discord_1322013046159441951_1322017529547460690] RECV     '@everyone MSFT 395C at 0.70 0DTE SL 30%'
2026-07-10T13:33:02+00:00 [optionking  |discord_1322013046159441951_1322017529547460690] CARD     '@everyone MSFT 395C at 0.70 0DTE SL 30%'
2026-07-10T13:33:07+00:00 [mike        |discord_979306667319656479_1337877131975463085] RECV     'meta 660P @ 3 @Options Day Trade Alerts'
2026-07-10T13:33:14+00:00 [mike        |discord_979306667319656479_1337877131975463085] CARD     'meta 660P @ 3 @Options Day Trade Alerts'
2026-07-10T13:33:15+00:00 [mike        |discord_979306667319656479_1337877131975463085] RECV     'sl 2'
2026-07-10T13:33:16+00:00 [mike        |discord_979306667319656479_1337877131975463085] MGMT     'sl 2'
2026-07-10T13:36:30+00:00 [mike        |discord_979306667319656479_1337877131975463085] RECV     'set sell order @ 5 for 1/2 @Options Day Trade Alerts'
2026-07-10T13:36:36+00:00 [mike        |discord_979306667319656479_1337877131975463085] MGMT     'set sell order @ 5 for 1/2 @Options Day Trade Alerts'
2026-07-10T13:36:44+00:00 [optionking  |discord_1322013046159441951_1322017529547460690] RECV     '@everyone MSFT 395C at 0.70 0DTE SL 30%'
2026-07-10T13:37:03+00:00 [mike        |discord_979306667319656479_1337877131975463085] RECV     'added stop at 3.1 @Options Day Trade Alerts'
2026-07-10T13:37:03+00:00 [mike        |discord_979306667319656479_1337877131975463085] MGMT     'added stop at 3.1 @Options Day Trade Alerts'
2026-07-10T13:37:03+00:00 [mike        |discord_979306667319656479_1337877131975463085] REJECT   'added stop at 3.1 @Options Day Trade Alerts'
2026-07-10T13:37:16+00:00 [prince      |discord_799297438765809704_990683044874711131] RECV     '388% on TSLA calls @everyone'
2026-07-10T13:37:16+00:00 [prince      |discord_799297438765809704_990683044874711131] MGMT     '388% on TSLA calls @everyone'
2026-07-10T13:37:16+00:00 [prince      |discord_799297438765809704_990683044874711131] REJECT   '388% on TSLA calls @everyone'
2026-07-10T13:37:47+00:00 [prince      |discord_799297438765809704_990683044874711131] RECV     'In SOFI too with the team!'
2026-07-10T13:37:47+00:00 [prince      |discord_799297438765809704_990683044874711131] REJECT   'In SOFI too with the team!'
2026-07-10T13:37:52+00:00 [optionking  |discord_1322013046159441951_1322017529547460690] RECV     '@everyone MSFT 395C at 0.70 0DTE SL 30%'
2026-07-10T13:37:56+00:00 [mike        |discord_979306667319656479_1337877131975463085] RECV     'TSLA 420C @ .7 @Options Day Trade Alerts'
2026-07-10T13:38:03+00:00 [mike        |discord_979306667319656479_1337877131975463085] CARD     'TSLA 420C @ .7 @Options Day Trade Alerts'
2026-07-10T13:38:30+00:00 [mike        |discord_979306667319656479_1337877131975463085] RECV     'stopped out META'
2026-07-10T13:38:30+00:00 [mike        |discord_979306667319656479_1337877131975463085] MGMT     'stopped out META'
2026-07-10T13:39:00+00:00 [mike        |discord_979306667319656479_1337877131975463085] RECV     'MSFT 397.5C .55 @Options Day Trade Alerts'
2026-07-10T13:39:11+00:00 [mike        |discord_979306667319656479_1337877131975463085] CARD     'MSFT 397.5C .55 @Options Day Trade Alerts'
2026-07-10T13:47:07+00:00 [prince_small|discord_799297438765809704_1143653301599088670] RECV     'Watching NVDA 205 calls expiring today. 1.35 entry @everyone'
2026-07-10T13:47:11+00:00 [prince_small|discord_799297438765809704_1143653301599088670] CARD     'Watching NVDA 205 calls expiring today. 1.35 entry @everyone'
2026-07-10T13:50:00+00:00 [prince_small|discord_799297438765809704_1143653301599088670] RECV     'In 1 contract at 1.91. Price target 208'
2026-07-10T13:50:01+00:00 [prince_small|discord_799297438765809704_1143653301599088670] MGMT     'In 1 contract at 1.91. Price target 208'
2026-07-10T13:50:01+00:00 [prince_small|discord_799297438765809704_1143653301599088670] REJECT   'In 1 contract at 1.91. Price target 208'
2026-07-10T13:50:39+00:00 [mike        |discord_979306667319656479_1337877131975463085] RECV     'cutting MSFT .15  @Options Day Trade Alerts'
2026-07-10T13:50:39+00:00 [mike        |discord_979306667319656479_1337877131975463085] MGMT     'cutting MSFT .15  @Options Day Trade Alerts'
2026-07-10T13:50:45+00:00 [prince_small|discord_799297438765809704_1143653301599088670] RECV     'Up 20% NVDA. I think it will go crazy today @everyone'
2026-07-10T13:50:45+00:00 [prince_small|discord_799297438765809704_1143653301599088670] MGMT     'Up 20% NVDA. I think it will go crazy today @everyone'
2026-07-10T13:50:45+00:00 [prince_small|discord_799297438765809704_1143653301599088670] REJECT   'Up 20% NVDA. I think it will go crazy today @everyone'
2026-07-10T13:52:47+00:00 [sulker      |discord_979306667319656479_1346913693056897084] RECV     'MSFT 390c 0DTE .75 with SL @Options Day Trade Alerts'
2026-07-10T13:52:53+00:00 [sulker      |discord_979306667319656479_1346913693056897084] CARD     'MSFT 390c 0DTE .75 with SL @Options Day Trade Alerts'
2026-07-10T13:54:02+00:00 [prince      |discord_799297438765809704_990683044874711131] RECV     'Watch TSLA 410 calls 3.25 @everyone'
2026-07-10T13:54:09+00:00 [prince      |discord_799297438765809704_990683044874711131] CARD     'Watch TSLA 410 calls 3.25 @everyone'
2026-07-10T13:57:13+00:00 [sulker      |discord_979306667319656479_1346913693056897084] RECV     'SPY 753c 1.16s 0DTE gonna add on dips @Options Day Trade Alerts'
2026-07-10T13:57:19+00:00 [sulker      |discord_979306667319656479_1346913693056897084] CARD     'SPY 753c 1.16s 0DTE gonna add on dips @Options Day Trade Alerts'
2026-07-10T13:58:48+00:00 [optionking  |discord_1322013046159441951_1322017529547460690] RECV     '@everyone AMZN 250C at 0.30 0DTE.. lotto'
2026-07-10T13:58:52+00:00 [optionking  |discord_1322013046159441951_1322017529547460690] CARD     '@everyone AMZN 250C at 0.30 0DTE.. lotto'
2026-07-10T14:01:32+00:00 [sulker      |discord_979306667319656479_1346913693056897084] RECV     'MSFT 390c 0DTE .75 with SL @Options Day Trade Alerts'
2026-07-10T14:02:10+00:00 [prince_small|discord_799297438765809704_1143653301599088670] RECV     'Up 48% on NVDA @everyone'
2026-07-10T14:02:10+00:00 [prince_small|discord_799297438765809704_1143653301599088670] MGMT     'Up 48% on NVDA @everyone'
2026-07-10T14:02:10+00:00 [prince_small|discord_799297438765809704_1143653301599088670] REJECT   'Up 48% on NVDA @everyone'
2026-07-10T14:02:45+00:00 [prince_small|discord_799297438765809704_1143653301599088670] RECV     'Up 60% on NVDA callls @everyone'
2026-07-10T14:02:45+00:00 [prince_small|discord_799297438765809704_1143653301599088670] MGMT     'Up 60% on NVDA callls @everyone'
2026-07-10T14:02:45+00:00 [prince_small|discord_799297438765809704_1143653301599088670] REJECT   'Up 60% on NVDA callls @everyone'
2026-07-10T14:04:17+00:00 [prince_small|discord_799297438765809704_1143653301599088670] RECV     '73% on NVDA calls @everyone 208 price target hit. Let’s go 211 next. These expire today I’m at the spa so manage it. Be '
2026-07-10T14:04:17+00:00 [prince_small|discord_799297438765809704_1143653301599088670] MGMT     '73% on NVDA calls @everyone 208 price target hit. Let’s go 211 next. These expire today I’m at the spa so manage it. Be '
2026-07-10T14:04:17+00:00 [prince_small|discord_799297438765809704_1143653301599088670] REJECT   '73% on NVDA calls @everyone 208 price target hit. Let’s go 211 next. These expire today I’m at the spa so manage it. Be '
2026-07-10T14:07:23+00:00 [mike        |discord_979306667319656479_1337877131975463085] RECV     '7490P @ 1.2 @Options Day Trade Alerts'
2026-07-10T14:07:29+00:00 [mike        |discord_979306667319656479_1337877131975463085] CARD     '7490P @ 1.2 @Options Day Trade Alerts'
2026-07-10T14:11:38+00:00 [sulker      |discord_979306667319656479_1346913693056897084] RECV     'tsla 420C .66 Lotto @Options Day Trade Alerts'
2026-07-10T14:11:47+00:00 [sulker      |discord_979306667319656479_1346913693056897084] CARD     'tsla 420C .66 Lotto @Options Day Trade Alerts'
2026-07-10T14:11:47+00:00 [sulker      |discord_979306667319656479_1346913693056897084] RECV     'tsla 420C .66 Lotto @Options Day Trade Alerts'
2026-07-10T14:13:14+00:00 [mike        |discord_979306667319656479_1337877131975463085] RECV     'added small MSFT 390c .5@Options Day Trade Alerts'
2026-07-10T14:13:19+00:00 [mike        |discord_979306667319656479_1337877131975463085] CARD     'added small MSFT 390c .5@Options Day Trade Alerts'
2026-07-10T14:17:02+00:00 [sulker      |discord_979306667319656479_1346913693056897084] RECV     'SPY 753c 1.16s 0DTE gonna add on dips @Options Day Trade Alerts'
2026-07-10T14:33:27+00:00 [mike        |discord_979306667319656479_1337877131975463085] RECV     '7490P @ 1.2 @Options Day Trade Alerts'
2026-07-10T14:33:36+00:00 [jmt         |discord_799297438765809704_990683297451495475] RECV     'Back up 10% @JMoneyAlerts🕵🏾\u200d♂️'
2026-07-10T14:33:36+00:00 [jmt         |discord_799297438765809704_990683297451495475] MGMT     'Back up 10% @JMoneyAlerts🕵🏾\u200d♂️'
2026-07-10T14:34:23+00:00 [sulker      |discord_979306667319656479_1346913693056897084] RECV     'SPY 1,08 new avg @Options Day Trade Alerts  im gonna be adding in the red candles'
2026-07-10T14:34:23+00:00 [sulker      |discord_979306667319656479_1346913693056897084] MGMT     'SPY 1,08 new avg @Options Day Trade Alerts  im gonna be adding in the red candles'
2026-07-10T14:34:23+00:00 [sulker      |discord_979306667319656479_1346913693056897084] REJECT   'SPY 1,08 new avg @Options Day Trade Alerts  im gonna be adding in the red candles'
2026-07-10T14:34:29+00:00 [mike        |discord_979306667319656479_1337877131975463085] RECV     '7580c 1.3 @Options Day Trade Alerts'
2026-07-10T14:43:43+00:00 [mike        |discord_979306667319656479_1337877131975463085] RECV     'META 375C @ 2.9 @Options Day Trade Alerts'
2026-07-10T14:43:50+00:00 [mike        |discord_979306667319656479_1337877131975463085] CARD     'META 375C @ 2.9 @Options Day Trade Alerts'
2026-07-10T14:48:07+00:00 [mike        |discord_979306667319656479_1337877131975463085] RECV     'that algo canlde fked up whatever the market had planned today give it a bit to reset at 11 AM'
2026-07-10T14:48:07+00:00 [mike        |discord_979306667319656479_1337877131975463085] REJECT   'that algo canlde fked up whatever the market had planned today give it a bit to reset at 11 AM'
2026-07-10T14:49:37+00:00 [mike        |discord_979306667319656479_1337877131975463085] RECV     'META 675C @ 2.9 @Options Day Trade Alerts (edited)\nFriday, July 10, 2026 at 9:43 AM'
2026-07-10T14:49:43+00:00 [mike        |discord_979306667319656479_1337877131975463085] CARD     'META 675C @ 2.9 @Options Day Trade Alerts (edited)\nFriday, July 10, 2026 at 9:43 AM'
2026-07-10T14:50:25+00:00 [mike        |manual] LOGGED   'logged META 675C 2.9->4.35 x5 = +725'
2026-07-10T14:54:44+00:00 [mike        |discord_979306667319656479_1337877131975463085] RECV     'TSLA 410C 1.5 @Options Day Trade Alerts'
2026-07-10T14:54:52+00:00 [mike        |discord_979306667319656479_1337877131975463085] CARD     'TSLA 410C 1.5 @Options Day Trade Alerts'
2026-07-10T15:07:54+00:00 [mike        |discord_979306667319656479_1337877131975463085] RECV     'cutting all plays except spx  7580 meta 675 and tsla 410'
2026-07-10T15:07:54+00:00 [mike        |discord_979306667319656479_1337877131975463085] MGMT     'cutting all plays except spx  7580 meta 675 and tsla 410'
2026-07-10T15:08:39+00:00 [sulker      |discord_979306667319656479_1346913693056897084] RECV     'Happy weekend.\n\nNot gonna trade more. \n\nSiesta time and watching Spain\n\nIf they want to flush, 17 July puts will play.\n\n'
2026-07-10T15:08:39+00:00 [sulker      |discord_979306667319656479_1346913693056897084] REJECT   'Happy weekend.\n\nNot gonna trade more. \n\nSiesta time and watching Spain\n\nIf they want to flush, 17 July puts will play.\n\n'
2026-07-10T15:17:07+00:00 [mike        |discord_979306667319656479_1337877131975463085] RECV     'down to runners on 0dtes'
2026-07-10T15:17:08+00:00 [mike        |discord_979306667319656479_1337877131975463085] MGMT     'down to runners on 0dtes'
2026-07-10T15:17:21+00:00 [mike        |mike] RECV     'SPX 7580C @ 1.15'
2026-07-10T15:17:26+00:00 [mike        |mike] CARD     'SPX 7580C @ 1.15'
2026-07-10T15:17:26+00:00 [jmt         |discord_799297438765809704_990683297451495475] RECV     'Trying calls here\n\n756C\n1.48\n 7/14\nSL:750.75\n@JMoneyAlerts🕵🏾\u200d♂️'
2026-07-10T15:17:30+00:00 [jmt         |discord_799297438765809704_990683297451495475] CARD     'Trying calls here\n\n756C\n1.48\n 7/14\nSL:750.75\n@JMoneyAlerts🕵🏾\u200d♂️'
2026-07-10T15:17:39+00:00 [mike        |manual] LOGGED   'logged SPX 7580C 1.15->0.65 x5 = -250'
2026-07-10T15:22:43+00:00 [mike        |discord_979306667319656479_1337877131975463085] RECV     'SPCX 149C .8 @Options Day Trade Alerts  lotto ?'
2026-07-10T15:22:48+00:00 [mike        |discord_979306667319656479_1337877131975463085] CARD     'SPCX 149C .8 @Options Day Trade Alerts  lotto ?'
2026-07-10T15:23:08+00:00 [mike        |discord_979306667319656479_1337877131975463085] RECV     'if anyone wants to buy the 160c lmk'
2026-07-10T15:23:09+00:00 [mike        |discord_979306667319656479_1337877131975463085] REJECT   'if anyone wants to buy the 160c lmk'
2026-07-10T15:25:59+00:00 [mike        |discord_979306667319656479_1337877131975463085] RECV     'down to runners on 0dtes'
2026-07-10T15:26:00+00:00 [mike        |discord_979306667319656479_1337877131975463085] MGMT     'down to runners on 0dtes'
2026-07-10T15:26:25+00:00 [mike        |discord_979306667319656479_1337877131975463085] RECV     'i said on live add .45'
2026-07-10T15:26:25+00:00 [mike        |discord_979306667319656479_1337877131975463085] REJECT   'i said on live add .45'
2026-07-10T15:26:34+00:00 [mike        |discord_979306667319656479_1337877131975463085] RECV     'these are up 300%'
2026-07-10T15:26:34+00:00 [mike        |discord_979306667319656479_1337877131975463085] MGMT     'these are up 300%'
2026-07-10T15:26:34+00:00 [mike        |discord_979306667319656479_1337877131975463085] REJECT   'these are up 300%'
2026-07-10T15:27:58+00:00 [jmt         |discord_799297438765809704_990683297451495475] RECV     'Trying calls here  756C 1.48  7/14 SL:750.75 @JMoneyAlerts🕵🏾\u200d♂️'
2026-07-10T15:30:16+00:00 [mike        |discord_979306667319656479_1337877131975463085] RECV     'SPCX 149C .8 @Options Day Trade Alerts  lotto ?'
2026-07-10T15:34:15+00:00 [mike        |discord_979306667319656479_1337877131975463085] RECV     'mu 1000c 2.75 taking one @Options Day Trade Alerts'
2026-07-10T15:34:15+00:00 [mike        |discord_979306667319656479_1337877131975463085] MGMT     'mu 1000c 2.75 taking one @Options Day Trade Alerts'
2026-07-10T15:43:43+00:00 [prince_small|discord_799297438765809704_1143653301599088670] RECV     'Sold NVDA here at 84% @everyone'
2026-07-10T15:43:43+00:00 [prince_small|discord_799297438765809704_1143653301599088670] MGMT     'Sold NVDA here at 84% @everyone'
2026-07-10T15:43:46+00:00 [mike        |mike] RECV     'mu 1000c 2.75 taking one @Options Day Trade Alerts'
2026-07-10T15:43:47+00:00 [mike        |mike] MGMT     'mu 1000c 2.75 taking one @Options Day Trade Alerts'
2026-07-10T15:44:51+00:00 [mike        |mike] RECV     'mu 1000c 2.75 taking one @Options Day Trade Alerts'
2026-07-10T15:44:59+00:00 [mike        |mike] CARD     'mu 1000c 2.75 taking one @Options Day Trade Alerts'
2026-07-10T15:52:16+00:00 [mike        |mike] RECV     'META 675C @ 2.4'
2026-07-10T15:52:26+00:00 [mike        |mike] RECV     'META 675C @ 2.4 taking one more'
2026-07-10T15:54:35+00:00 [optionking  |discord_1322013046159441951_1322017529547460690] RECV     '@everyone TSLA 420C at 0.20 lotto 0DTE..'
2026-07-10T15:54:39+00:00 [optionking  |discord_1322013046159441951_1322017529547460690] CARD     '@everyone TSLA 420C at 0.20 lotto 0DTE..'
2026-07-10T15:56:36+00:00 [optionking  |discord_1322013046159441951_1322017529547460690] RECV     '@everyone AAPL 315C at 0.18 lotto 5 cons..'
2026-07-10T15:56:42+00:00 [optionking  |discord_1322013046159441951_1322017529547460690] CARD     '@everyone AAPL 315C at 0.18 lotto 5 cons..'
2026-07-10T15:57:52+00:00 [mike        |discord_979306667319656479_1337877131975463085] RECV     'mu 1000c 2.75 taking one @Options Day Trade Alerts'
2026-07-10T16:02:24+00:00 [mike        |discord_979306667319656479_1337877131975463085] RECV     'meta 665P @ 2 smal lotto @Options Day Trade Alerts'
2026-07-10T16:02:31+00:00 [mike        |discord_979306667319656479_1337877131975463085] CARD     'meta 665P @ 2 smal lotto @Options Day Trade Alerts'
2026-07-10T16:04:47+00:00 [mike        |discord_979306667319656479_1337877131975463085] RECV     'bid filled on MU call @ 2.2 @Options Day Trade Alerts  se;;'
2026-07-10T16:04:48+00:00 [mike        |discord_979306667319656479_1337877131975463085] REJECT   'bid filled on MU call @ 2.2 @Options Day Trade Alerts  se;;'
2026-07-10T16:04:58+00:00 [mike        |discord_979306667319656479_1337877131975463085] RECV     'new average is 1 @Options Day Trade Alerts'
2026-07-10T16:05:00+00:00 [mike        |discord_979306667319656479_1337877131975463085] REJECT   'new average is 1 @Options Day Trade Alerts'
2026-07-10T16:05:18+00:00 [mike        |discord_979306667319656479_1337877131975463085] RECV     'meta 665P @ 2 smal lotto @Options Day Trade Alerts'
2026-07-10T16:07:05+00:00 [mike        |discord_979306667319656479_1337877131975463085] RECV     'added stop loss on meta @ 2 @Options Day Trade Alerts'
2026-07-10T16:07:05+00:00 [mike        |discord_979306667319656479_1337877131975463085] MGMT     'added stop loss on meta @ 2 @Options Day Trade Alerts'
2026-07-10T16:08:55+00:00 [mike        |discord_979306667319656479_1337877131975463085] RECV     'TSLA 417.5 .35 @Options Day Trade Alerts'
2026-07-10T16:08:57+00:00 [mike        |discord_979306667319656479_1337877131975463085] REJECT   'TSLA 417.5 .35 @Options Day Trade Alerts'
2026-07-10T16:11:21+00:00 [mike        |discord_979306667319656479_1337877131975463085] RECV     'spcx 150c .55'
2026-07-10T16:11:22+00:00 [mike        |discord_979306667319656479_1337877131975463085] REJECT   'spcx 150c .55'
2026-07-10T16:13:04+00:00 [mike        |discord_979306667319656479_1337877131975463085] RECV     'META 675 2.5 @Options Day Trade Alerts'
2026-07-10T16:13:05+00:00 [mike        |discord_979306667319656479_1337877131975463085] REJECT   'META 675 2.5 @Options Day Trade Alerts'
2026-07-10T16:14:13+00:00 [mike        |discord_979306667319656479_1337877131975463085] RECV     'spcx 150c .55 @Options Day Trade Alerts (edited)\nFriday, July 10, 2026 at 11:11 AM'
2026-07-10T16:14:18+00:00 [mike        |discord_979306667319656479_1337877131975463085] REJECT   'spcx 150c .55 @Options Day Trade Alerts (edited)\nFriday, July 10, 2026 at 11:11 AM'
2026-07-10T16:18:34+00:00 [mike        |discord_979306667319656479_1337877131975463085] RECV     'NVDA 212.5 .14 lotto @Options Day Trade Alerts  fk it'
2026-07-10T16:18:35+00:00 [mike        |discord_979306667319656479_1337877131975463085] REJECT   'NVDA 212.5 .14 lotto @Options Day Trade Alerts  fk it'
2026-07-10T16:23:39+00:00 [prince_small|discord_799297438765809704_1143653301599088670] RECV     'I sold too early'
2026-07-10T16:23:39+00:00 [prince_small|discord_799297438765809704_1143653301599088670] MGMT     'I sold too early'
2026-07-10T16:24:03+00:00 [mike        |discord_979306667319656479_1337877131975463085] RECV     'NVDA 212.5 .14 lotto @Options Day Trade Alerts  fk it'
2026-07-10T16:24:04+00:00 [mike        |discord_979306667319656479_1337877131975463085] REJECT   'NVDA 212.5 .14 lotto @Options Day Trade Alerts  fk it'
2026-07-10T16:24:44+00:00 [mike        |discord_979306667319656479_1337877131975463085] RECV     'NVDA 212.5 .14 lotto @Options Day Trade Alerts  fk it'
2026-07-10T16:24:45+00:00 [mike        |discord_979306667319656479_1337877131975463085] REJECT   'NVDA 212.5 .14 lotto @Options Day Trade Alerts  fk it'
2026-07-10T16:24:49+00:00 [prince_small|discord_799297438765809704_1143653301599088670] RECV     'I sold too early. NVDA blowing'
2026-07-10T16:24:49+00:00 [prince_small|discord_799297438765809704_1143653301599088670] MGMT     'I sold too early. NVDA blowing'
2026-07-10T16:28:07+00:00 [mike        |discord_979306667319656479_1337877131975463085] RECV     'why did i buy only 1'
2026-07-10T16:28:08+00:00 [mike        |discord_979306667319656479_1337877131975463085] REJECT   'why did i buy only 1'
2026-07-10T16:28:41+00:00 [mike        |discord_979306667319656479_1337877131975463085] RECV     'RUNNER TO A MILLION!'
2026-07-10T16:28:44+00:00 [mike        |discord_979306667319656479_1337877131975463085] REJECT   'RUNNER TO A MILLION!'
2026-07-10T16:28:54+00:00 [mike        |discord_979306667319656479_1337877131975463085] RECV     'runner / only con i bought that'
2026-07-10T16:28:55+00:00 [mike        |discord_979306667319656479_1337877131975463085] REJECT   'runner / only con i bought that'
2026-07-10T16:29:12+00:00 [mike        |discord_979306667319656479_1337877131975463085] RECV     'META 675 2.5 @Options Day Trade Alerts'
2026-07-10T16:29:13+00:00 [mike        |discord_979306667319656479_1337877131975463085] REJECT   'META 675 2.5 @Options Day Trade Alerts'
2026-07-10T16:31:35+00:00 [mike        |discord_979306667319656479_1337877131975463085] RECV     'if you want to trim MU at 3.5 from 1 @Options Day Trade Alerts  i wont blame u i just cant trim cuz dumbass me only got '
2026-07-10T16:31:35+00:00 [mike        |discord_979306667319656479_1337877131975463085] MGMT     'if you want to trim MU at 3.5 from 1 @Options Day Trade Alerts  i wont blame u i just cant trim cuz dumbass me only got '
2026-07-10T16:41:48+00:00 [optionking  |discord_1322013046159441951_1322017529547460690] RECV     '@everyone AAPL 315C at 0.18 lotto 5 cons..'
2026-07-10T16:47:32+00:00 [mike        |discord_979306667319656479_1337877131975463085] RECV     'meta 672 1.7 @Options Day Trade Alerts  small'
2026-07-10T16:47:33+00:00 [mike        |discord_979306667319656479_1337877131975463085] MGMT     'meta 672 1.7 @Options Day Trade Alerts  small'
2026-07-10T16:51:26+00:00 [jmt         |discord_799297438765809704_990683297451495475] RECV     '12% @JMoneyAlerts🕵🏾\u200d♂️'
2026-07-10T16:51:26+00:00 [jmt         |discord_799297438765809704_990683297451495475] MGMT     '12% @JMoneyAlerts🕵🏾\u200d♂️'
2026-07-10T16:52:35+00:00 [mike        |discord_979306667319656479_1337877131975463085] RECV     'TSLA 40% @Options Day Trade Alerts'
2026-07-10T16:52:36+00:00 [mike        |discord_979306667319656479_1337877131975463085] MGMT     'TSLA 40% @Options Day Trade Alerts'
2026-07-10T16:52:56+00:00 [mike        |discord_979306667319656479_1337877131975463085] RECV     'tsla 410 3/4 out 3.7 @Options Day Trade Alerts'
2026-07-10T16:52:56+00:00 [mike        |discord_979306667319656479_1337877131975463085] MGMT     'tsla 410 3/4 out 3.7 @Options Day Trade Alerts'
2026-07-10T16:56:23+00:00 [mike        |discord_979306667319656479_1337877131975463085] RECV     'add back to tsla call .39 on 417'
2026-07-10T16:56:24+00:00 [mike        |discord_979306667319656479_1337877131975463085] REJECT   'add back to tsla call .39 on 417'
2026-07-10T16:57:22+00:00 [mike        |discord_979306667319656479_1337877131975463085] RECV     'msttr 95c .6 @Options Day Trade Alerts'
2026-07-10T16:57:23+00:00 [mike        |discord_979306667319656479_1337877131975463085] REJECT   'msttr 95c .6 @Options Day Trade Alerts'
2026-07-10T17:01:32+00:00 [mike        |discord_979306667319656479_1337877131975463085] RECV     'MSTR 25%'
2026-07-10T17:01:33+00:00 [mike        |discord_979306667319656479_1337877131975463085] MGMT     'MSTR 25%'
2026-07-10T17:06:08+00:00 [mike        |mike] RECV     'add back to tsla call .39 on 417'
2026-07-10T17:06:11+00:00 [mike        |mike] CARD     'add back to tsla call .39 on 417'
2026-07-10T17:06:11+00:00 [mike        |mike] RECV     'msttr 95c .6 @Options Day Trade Alerts'
2026-07-10T17:06:16+00:00 [mike        |mike] CARD     'msttr 95c .6 @Options Day Trade Alerts'
2026-07-10T17:06:17+00:00 [mike        |mike] RECV     'NVDA 212.5 .14 lotto @Options Day Trade Alerts fk it'
2026-07-10T17:06:21+00:00 [mike        |mike] CARD     'NVDA 212.5 .14 lotto @Options Day Trade Alerts fk it'
2026-07-10T17:06:22+00:00 [mike        |mike] RECV     'meta 672 1.7 @Options Day Trade Alerts small'
2026-07-10T17:06:25+00:00 [mike        |mike] CARD     'meta 672 1.7 @Options Day Trade Alerts small'
2026-07-10T17:37:19+00:00 [jmt         |discord_799297438765809704_990683297451495475] RECV     '20% @JMoneyAlerts🕵🏾\u200d♂️'
2026-07-10T17:37:19+00:00 [jmt         |discord_799297438765809704_990683297451495475] MGMT     '20% @JMoneyAlerts🕵🏾\u200d♂️'
2026-07-10T17:56:42+00:00 [mike        |mike] RECV     'SPY 620C @ 1.2'
2026-07-10T17:56:49+00:00 [mike        |mike] CARD     'SPY 620C @ 1.2'
2026-07-10T17:57:20+00:00 [mike        |mike] RECV     'SPY 756C @ 2.5'
2026-07-10T17:57:28+00:00 [mike        |mike] CARD     'SPY 756C @ 2.5'
2026-07-10T17:58:29+00:00 [mike        |discord_979306667319656479_1337877131975463085] RECV     'spx 4560P 1.9 @Options Day Trade Alerts'
2026-07-10T17:58:30+00:00 [mike        |discord_979306667319656479_1337877131975463085] CARD     'spx 4560P 1.9 @Options Day Trade Alerts'
2026-07-10T18:04:47+00:00 [mike        |mike] RECV     'QQQ 672C @ 2.5'
2026-07-10T18:04:54+00:00 [mike        |mike] CARD     'QQQ 672C @ 2.5'
2026-07-10T18:04:54+00:00 [mike        |mike] RECV     'IWM 242C @ 1.4'
2026-07-10T18:04:59+00:00 [mike        |mike] CARD     'IWM 242C @ 1.4'
2026-07-10T18:09:43+00:00 [mike        |discord_979306667319656479_1337877131975463085] RECV     'SPCX 152.5c  .1 @Options Day Trade Alerts'
2026-07-10T18:09:47+00:00 [mike        |discord_979306667319656479_1337877131975463085] CARD     'SPCX 152.5c  .1 @Options Day Trade Alerts'
2026-07-10T18:10:00+00:00 [mike        |discord_979306667319656479_1337877131975463085] RECV     'https://klipy.com/gifs/jurassic-world-owen-grady-1'
2026-07-10T18:10:01+00:00 [mike        |discord_979306667319656479_1337877131975463085] REJECT   'https://klipy.com/gifs/jurassic-world-owen-grady-1'
2026-07-10T18:12:08+00:00 [mike        |discord_979306667319656479_1337877131975463085] RECV     'https://x.com/SPX_Mike/status/2075644211731267654?s=20'
2026-07-10T18:12:09+00:00 [mike        |discord_979306667319656479_1337877131975463085] REJECT   'https://x.com/SPX_Mike/status/2075644211731267654?s=20'
2026-07-10T18:18:43+00:00 [mike        |discord_979306667319656479_1337877131975463085] RECV     'SPCX 152.5c  .1 @Options Day Trade Alerts'
2026-07-10T18:23:27+00:00 [mike        |discord_979306667319656479_1337877131975463085] RECV     'SNDK 2000C .6 @Options Day Trade Alerts'
2026-07-10T18:23:34+00:00 [mike        |discord_979306667319656479_1337877131975463085] CARD     'SNDK 2000C .6 @Options Day Trade Alerts'
2026-07-10T18:25:58+00:00 [mike        |discord_979306667319656479_1337877131975463085] RECV     'we fkd up not trading this today this stock is up at 1930 from 1770'
2026-07-10T18:25:59+00:00 [mike        |discord_979306667319656479_1337877131975463085] REJECT   'we fkd up not trading this today this stock is up at 1930 from 1770'
2026-07-10T18:26:52+00:00 [mike        |discord_979306667319656479_1337877131975463085] RECV     'added back mu 1000c 1.7 @Options Day Trade Alerts'
2026-07-10T18:31:57+00:00 [sulker      |discord_979306667319656479_1346913693056897084] RECV     'SPY 17 July 730p 2.49 @Options Day Trade Alerts  only couple cons, im bearish summer and for this OPEX.'
2026-07-10T18:32:06+00:00 [sulker      |discord_979306667319656479_1346913693056897084] CARD     'SPY 17 July 730p 2.49 @Options Day Trade Alerts  only couple cons, im bearish summer and for this OPEX.'
2026-07-10T18:35:34+00:00 [mike        |discord_979306667319656479_1337877131975463085] RECV     'SNDK 1860P @ 1 @Options Day Trade Alerts'
2026-07-10T18:35:41+00:00 [mike        |discord_979306667319656479_1337877131975463085] CARD     'SNDK 1860P @ 1 @Options Day Trade Alerts'
2026-07-10T18:44:17+00:00 [optionking  |discord_1322013046159441951_1322017529547460690] RECV     '@everyone SPX 7575C at 1.80 SL 20%.  PT 7575 7580'
2026-07-10T18:44:20+00:00 [optionking  |discord_1322013046159441951_1322017529547460690] CARD     '@everyone SPX 7575C at 1.80 SL 20%.  PT 7575 7580'
2026-07-10T18:58:11+00:00 [jmt         |discord_799297438765809704_990683297451495475] RECV     '40% just gonna leave some runners here and swing the rest into the weekend I like my chances @JMoneyAlerts🕵🏾\u200d♂️'
2026-07-10T18:58:11+00:00 [jmt         |discord_799297438765809704_990683297451495475] MGMT     '40% just gonna leave some runners here and swing the rest into the weekend I like my chances @JMoneyAlerts🕵🏾\u200d♂️'
2026-07-10T18:58:17+00:00 [optionking  |discord_1322013046159441951_1322017529547460690] RECV     '@everyone AAPL 315C at 0.18 lotto 5 cons..'
2026-07-10T19:06:27+00:00 [jmt         |discord_799297438765809704_990683297451495475] RECV     '40% just gonna leave some runners here and swing the rest into the weekend I like my chances @JMoneyAlerts🕵🏾\u200d♂️'
2026-07-10T19:06:27+00:00 [jmt         |discord_799297438765809704_990683297451495475] MGMT     '40% just gonna leave some runners here and swing the rest into the weekend I like my chances @JMoneyAlerts🕵🏾\u200d♂️'
2026-07-10T19:07:43+00:00 [mike        |discord_979306667319656479_1337877131975463085] RECV     'this market is doing nuts. (edited)\nFriday, July 10, 2026 at 2:07 PM'
2026-07-10T19:07:44+00:00 [mike        |discord_979306667319656479_1337877131975463085] REJECT   'this market is doing nuts. (edited)\nFriday, July 10, 2026 at 2:07 PM'
2026-07-10T19:12:19+00:00 [prince      |discord_799297438765809704_990683044874711131] RECV     'Swinging $HIMS $36c\n2.15 limit buy\n1.80 stop limit\nJuly 24 expiry\nPRICE TARGET $38.29 @everyone'
2026-07-10T19:12:22+00:00 [prince      |discord_799297438765809704_990683044874711131] CARD     'Swinging $HIMS $36c\n2.15 limit buy\n1.80 stop limit\nJuly 24 expiry\nPRICE TARGET $38.29 @everyone'
2026-07-10T19:15:38+00:00 [mike        |discord_979306667319656479_1337877131975463085] RECV     'im in both sides of 148/149 put and call'
2026-07-10T19:15:39+00:00 [mike        |discord_979306667319656479_1337877131975463085] REJECT   'im in both sides of 148/149 put and call'
2026-07-10T19:18:56+00:00 [mike        |discord_979306667319656479_1337877131975463085] RECV     'waiting for 330 PM to add any more to each'
2026-07-10T19:18:57+00:00 [mike        |discord_979306667319656479_1337877131975463085] REJECT   'waiting for 330 PM to add any more to each'
2026-07-10T19:19:14+00:00 [mike        |discord_979306667319656479_1337877131975463085] RECV     'SPX put might be dead unless we get a big sell off eod'
2026-07-10T19:19:14+00:00 [mike        |discord_979306667319656479_1337877131975463085] MGMT     'SPX put might be dead unless we get a big sell off eod'
2026-07-10T19:21:02+00:00 [prince_small|discord_799297438765809704_1143653301599088670] RECV     'AAPL $300 JULY 10 Calls 0.85 entry No stop yet, playing the momentum Price target 300 @everyone'
2026-07-10T19:21:05+00:00 [prince_small|discord_799297438765809704_1143653301599088670] CARD     'AAPL $300 JULY 10 Calls 0.85 entry No stop yet, playing the momentum Price target 300 @everyone'
2026-07-10T19:44:26+00:00 [prince      |discord_799297438765809704_990683044874711131] RECV     'Also swinging $MSFT $395 calls\n3.10 entry\n2.50 stop loss\n7/17 expiry\nPrice target $389.90 @everyone'
2026-07-10T19:44:29+00:00 [prince      |discord_799297438765809704_990683044874711131] CARD     'Also swinging $MSFT $395 calls\n3.10 entry\n2.50 stop loss\n7/17 expiry\nPrice target $389.90 @everyone'
2026-07-10T19:45:47+00:00 [mike        |discord_979306667319656479_1337877131975463085] RECV     'sndk 1860P looks better but 350 can wick eithr way'
2026-07-10T19:45:48+00:00 [mike        |discord_979306667319656479_1337877131975463085] REJECT   'sndk 1860P looks better but 350 can wick eithr way'
2026-07-10T19:58:21+00:00 [mike        |discord_979306667319656479_1337877131975463085] RECV     '7575p /65'
2026-07-10T19:58:22+00:00 [mike        |discord_979306667319656479_1337877131975463085] MGMT     '7575p /65'
2026-07-10T19:59:48+00:00 [mike        |discord_979306667319656479_1337877131975463085] RECV     'done 1.7'
2026-07-10T19:59:48+00:00 [mike        |discord_979306667319656479_1337877131975463085] REJECT   'done 1.7'
2026-07-10T20:00:49+00:00 [mike        |discord_979306667319656479_1337877131975463085] RECV     'spy 755p .15'
2026-07-10T20:00:57+00:00 [mike        |discord_979306667319656479_1337877131975463085] CARD     'spy 755p .15'
2026-07-10T20:06:26+00:00 [mike        |discord_979306667319656479_1337877131975463085] RECV     'all out'
2026-07-10T20:06:26+00:00 [mike        |discord_979306667319656479_1337877131975463085] MGMT     'all out'
2026-07-10T20:23:21+00:00 [mike        |discord_979306667319656479_1337877131975463085] RECV     'EOD Recap 7/10\n\nMU 1000c @ 1.70  — memory died into close\nSNDK 1860P @ 1.00  — same\nSPX 148/149 straddle — choppy, kept '
2026-07-10T20:23:21+00:00 [mike        |discord_979306667319656479_1337877131975463085] MGMT     'EOD Recap 7/10\n\nMU 1000c @ 1.70  — memory died into close\nSNDK 1860P @ 1.00  — same\nSPX 148/149 straddle — choppy, kept '
2026-07-10T21:10:59+00:00 [sulker      |discord_979306667319656479_1346913693056897084] RECV     'Recap 10 July 2026\n\n\nMSFT 390C @ 0.75   -40%\n,\nSPY 753C @ 1.08   -44.4%\n,\nSNOW 280C (1 Contract) @ 0.81   -100%\n,\nTSLA 4'
2026-07-10T21:10:59+00:00 [sulker      |discord_979306667319656479_1346913693056897084] REJECT   'Recap 10 July 2026\n\n\nMSFT 390C @ 0.75   -40%\n,\nSPY 753C @ 1.08   -44.4%\n,\nSNOW 280C (1 Contract) @ 0.81   -100%\n,\nTSLA 4'
2026-07-10T21:51:12+00:00 [sulker      |discord_979306667319656479_1346913693056897084] RECV     'Recap 10 July 2026  > * MSFT 390C @ 0.75   -40% > * SPY 753C @ 1.08   -44.4% > * SNOW 280C (1 Contract) @ 0.81   -100% >'
2026-07-10T21:51:12+00:00 [sulker      |discord_979306667319656479_1346913693056897084] REJECT   'Recap 10 July 2026  > * MSFT 390C @ 0.75   -40% > * SPY 753C @ 1.08   -44.4% > * SNOW 280C (1 Contract) @ 0.81   -100% >'
2026-07-13T13:43:07+00:00 [prince      |discord_799297438765809704_990683044874711131] RECV     'Up 36% on MSFT calls @everyone'
2026-07-13T13:43:07+00:00 [prince      |discord_799297438765809704_990683044874711131] MGMT     'Up 36% on MSFT calls @everyone'
2026-07-13T13:43:49+00:00 [jmt         |discord_799297438765809704_990683297451495475] RECV     '52% SPY CALLS @JMoneyAlerts🕵🏾\u200d♂️'
2026-07-13T13:43:49+00:00 [jmt         |discord_799297438765809704_990683297451495475] MGMT     '52% SPY CALLS @JMoneyAlerts🕵🏾\u200d♂️'
2026-07-13T13:43:49+00:00 [jmt         |discord_799297438765809704_990683297451495475] REJECT   '52% SPY CALLS @JMoneyAlerts🕵🏾\u200d♂️'
2026-07-13T13:44:02+00:00 [optionking  |discord_1322013046159441951_1322017529547460690] RECV     '@everyone SPY 755C at 0.70 lotto ODTE'
2026-07-13T13:44:10+00:00 [optionking  |discord_1322013046159441951_1322017529547460690] CARD     '@everyone SPY 755C at 0.70 lotto ODTE'
2026-07-13T13:44:10+00:00 [optionking  |discord_1322013046159441951_1322017529547460690] RECV     '@everyone MSFT 410C at 1.00 weekly expiry.. SL 20%'
2026-07-13T13:44:15+00:00 [optionking  |discord_1322013046159441951_1322017529547460690] CARD     '@everyone MSFT 410C at 1.00 weekly expiry.. SL 20%'
2026-07-13T13:44:15+00:00 [optionking  |discord_1322013046159441951_1322017529547460690] RECV     '@everyone NVDA 210C at 1.00 SL 20% 0DTE'
2026-07-13T13:44:18+00:00 [optionking  |discord_1322013046159441951_1322017529547460690] CARD     '@everyone NVDA 210C at 1.00 SL 20% 0DTE'
2026-07-13T14:00:58+00:00 [prince      |discord_799297438765809704_990683044874711131] RECV     '$SPY Limit order for 55 contracts at 1.30 placed.'
2026-07-13T14:00:58+00:00 [prince      |discord_799297438765809704_990683044874711131] MISS?    '$SPY Limit order for 55 contracts at 1.30 placed.'
2026-07-13T14:18:02+00:00 [jmt         |discord_799297438765809704_990683297451495475] RECV     'Down 20% gonna wait for the market to settle and be patient @JMoneyAlerts🕵🏾\u200d♂️'
2026-07-13T14:18:03+00:00 [jmt         |discord_799297438765809704_990683297451495475] REJECT   'Down 20% gonna wait for the market to settle and be patient @JMoneyAlerts🕵🏾\u200d♂️'
2026-07-13T14:27:16+00:00 [prince_small|discord_799297438765809704_1143653301599088670] RECV     'Not sure what went on just now with the drop but up 13% we backfirst price target 753.62 @everyone'
2026-07-13T14:27:16+00:00 [prince_small|discord_799297438765809704_1143653301599088670] MGMT     'Not sure what went on just now with the drop but up 13% we backfirst price target 753.62 @everyone'
2026-07-13T14:27:16+00:00 [prince_small|discord_799297438765809704_1143653301599088670] REJECT   'Not sure what went on just now with the drop but up 13% we backfirst price target 753.62 @everyone'
2026-07-13T14:29:17+00:00 [jmt         |discord_799297438765809704_990683297451495475] RECV     'Back in calls \n756C\n1.56\n7/13\nSL:751.60\n@JMoneyAlerts🕵🏾\u200d♂️'
2026-07-13T14:29:22+00:00 [jmt         |discord_799297438765809704_990683297451495475] CARD     'Back in calls \n756C\n1.56\n7/13\nSL:751.60\n@JMoneyAlerts🕵🏾\u200d♂️'
2026-07-13T14:38:26+00:00 [prince_small|discord_799297438765809704_1143653301599088670] RECV     'Back down 11% I will implement a stop limit at 0.97 this price action is very wicked'
2026-07-13T14:38:27+00:00 [prince_small|discord_799297438765809704_1143653301599088670] MGMT     'Back down 11% I will implement a stop limit at 0.97 this price action is very wicked'
2026-07-13T14:41:14+00:00 [jmt         |jmt] RECV     'Back in calls \n756C\n1.56\n7/15\nSL:751.60\n@JMoneyAlerts'
2026-07-13T18:50:12+00:00 [prince_small|discord_799297438765809704_1143653301599088670] RECV     'Up 2% on $AAPL calls @everyone'
2026-07-13T18:50:12+00:00 [prince_small|discord_799297438765809704_1143653301599088670] MGMT     'Up 2% on $AAPL calls @everyone'
2026-07-13T18:50:12+00:00 [prince_small|discord_799297438765809704_1143653301599088670] REJECT   'Up 2% on $AAPL calls @everyone'
2026-07-13T18:50:28+00:00 [optionking  |discord_1322013046159441951_1322017529547460690] RECV     '@everyone SPX 7535C at 1.50 SL 1.00 0DTE'
2026-07-13T18:50:31+00:00 [optionking  |discord_1322013046159441951_1322017529547460690] CARD     '@everyone SPX 7535C at 1.50 SL 1.00 0DTE'
2026-07-13T18:52:29+00:00 [jmt         |discord_799297438765809704_990683297451495475] RECV     '752C\n2.20\n7/15\nSL:748.50\n@JMoneyAlerts🕵🏾\u200d♂️'
2026-07-13T18:52:32+00:00 [jmt         |discord_799297438765809704_990683297451495475] CARD     '752C\n2.20\n7/15\nSL:748.50\n@JMoneyAlerts🕵🏾\u200d♂️'
2026-07-13T18:52:33+00:00 [optionking  |discord_1322013046159441951_1322017529547460690] RECV     '@everyone SPX 7535C at 1.50 SL 1.00 0DTE'
2026-07-13T18:57:33+00:00 [prince      |discord_799297438765809704_990683044874711131] RECV     'Up 80% on $MSFT calls @everyone'
2026-07-13T18:57:33+00:00 [prince      |discord_799297438765809704_990683044874711131] MGMT     'Up 80% on $MSFT calls @everyone'
2026-07-13T18:57:33+00:00 [prince      |discord_799297438765809704_990683044874711131] REJECT   'Up 80% on $MSFT calls @everyone'
2026-07-13T19:00:53+00:00 [optionking  |discord_1322013046159441951_1322017529547460690] RECV     '@everyone SPX 7535C at 1.50 SL 1.00 0DTE'
2026-07-13T19:31:37+00:00 [jmt         |discord_799297438765809704_990683297451495475] RECV     '752C 2.20 7/15 SL:748.50 @JMoneyAlerts🕵🏾\u200d♂️'
2026-07-13T19:59:00+00:00 [prince_small|discord_799297438765809704_1143653301599088670] RECV     'We are up 10% on $AAPL calls @everyone'
2026-07-13T19:59:00+00:00 [prince_small|discord_799297438765809704_1143653301599088670] MGMT     'We are up 10% on $AAPL calls @everyone'
2026-07-13T19:59:00+00:00 [prince_small|discord_799297438765809704_1143653301599088670] REJECT   'We are up 10% on $AAPL calls @everyone'
2026-07-14T13:32:35+00:00 [optionking  |discord_1322013046159441951_1322017529547460690] RECV     '@everyone GOOGL 360C at 1.10 SL 20% 1DTE'
2026-07-14T13:32:38+00:00 [optionking  |discord_1322013046159441951_1322017529547460690] CARD     '@everyone GOOGL 360C at 1.10 SL 20% 1DTE'
2026-07-14T13:37:19+00:00 [jmt         |discord_799297438765809704_990683297451495475] RECV     'Down 20% and close below SL but I’m gonna hold till tomorrow  @JMoneyAlerts🕵🏾\u200d♂️'
2026-07-14T13:37:19+00:00 [jmt         |discord_799297438765809704_990683297451495475] REJECT   'Down 20% and close below SL but I’m gonna hold till tomorrow  @JMoneyAlerts🕵🏾\u200d♂️'
2026-07-14T13:39:45+00:00 [jmt         |discord_799297438765809704_990683297451495475] RECV     'Down 16% gonna wait for the market to settle as these expire tomorrow @JMoneyAlerts🕵🏾\u200d♂️'
2026-07-14T13:39:45+00:00 [jmt         |discord_799297438765809704_990683297451495475] REJECT   'Down 16% gonna wait for the market to settle as these expire tomorrow @JMoneyAlerts🕵🏾\u200d♂️'
2026-07-14T13:40:26+00:00 [prince_small|discord_799297438765809704_1143653301599088670] RECV     'Down 38% on AAPL going to see how the first hourly candle performs @everyone'
2026-07-14T13:40:26+00:00 [prince_small|discord_799297438765809704_1143653301599088670] REJECT   'Down 38% on AAPL going to see how the first hourly candle performs @everyone'
2026-07-14T13:46:00+00:00 [jmt         |discord_799297438765809704_990683297451495475] RECV     'Up 5% @JMoneyAlerts🕵🏾\u200d♂️'
2026-07-14T13:46:00+00:00 [jmt         |discord_799297438765809704_990683297451495475] MGMT     'Up 5% @JMoneyAlerts🕵🏾\u200d♂️'
2026-07-14T13:46:00+00:00 [jmt         |discord_799297438765809704_990683297451495475] REJECT   'Up 5% @JMoneyAlerts🕵🏾\u200d♂️'
2026-07-14T13:46:44+00:00 [optionking  |discord_1322013046159441951_1322017529547460690] RECV     '@everyone NVDA 212.5C at 0.26 1DTE lotto size small.'
2026-07-14T13:46:47+00:00 [optionking  |discord_1322013046159441951_1322017529547460690] CARD     '@everyone NVDA 212.5C at 0.26 1DTE lotto size small.'
2026-07-14T14:34:41+00:00 [jmt         |discord_799297438765809704_990683297451495475] RECV     '13% @JMoneyAlerts🕵🏾\u200d♂️'
2026-07-14T14:34:41+00:00 [jmt         |discord_799297438765809704_990683297451495475] MGMT     '13% @JMoneyAlerts🕵🏾\u200d♂️'
2026-07-14T15:09:06+00:00 [jmt         |discord_799297438765809704_990683297451495475] RECV     '25% @JMoneyAlerts🕵🏾\u200d♂️ taking some off'
2026-07-14T15:09:06+00:00 [jmt         |discord_799297438765809704_990683297451495475] MGMT     '25% @JMoneyAlerts🕵🏾\u200d♂️ taking some off'
2026-07-14T15:45:35+00:00 [jmt         |discord_799297438765809704_990683297451495475] RECV     '32% SPY CALLS @JMoneyAlerts🕵🏾\u200d♂️'
2026-07-14T15:45:35+00:00 [jmt         |discord_799297438765809704_990683297451495475] MGMT     '32% SPY CALLS @JMoneyAlerts🕵🏾\u200d♂️'
2026-07-14T15:45:35+00:00 [jmt         |discord_799297438765809704_990683297451495475] REJECT   '32% SPY CALLS @JMoneyAlerts🕵🏾\u200d♂️'
2026-07-14T15:47:06+00:00 [optionking  |discord_1322013046159441951_1322017529547460690] RECV     '@everyone NVDA 212.5C at 0.26 1DTE lotto size small.'
2026-07-14T16:04:34+00:00 [jmt         |discord_799297438765809704_990683297451495475] RECV     'Back down 5% If didn’t take these and want entry here is not bad imo @JMoneyAlerts🕵🏾\u200d♂️'
2026-07-14T16:04:34+00:00 [jmt         |discord_799297438765809704_990683297451495475] REJECT   'Back down 5% If didn’t take these and want entry here is not bad imo @JMoneyAlerts🕵🏾\u200d♂️'
2026-07-14T16:34:25+00:00 [prince      |?] RECV     '36C 2.02 7/24'
2026-07-14T16:34:25+00:00 [prince      |?] REJECT   '36C 2.02 7/24'
2026-07-14T16:38:13+00:00 [prince      |?] RECV     '36C 1.99 7/24'
2026-07-14T16:38:13+00:00 [prince      |?] REJECT   '36C 1.99 7/24'
2026-07-14T16:41:12+00:00 [prince      |?] RECV     'HIMS 36C 1.95 7/24'
2026-07-14T16:41:16+00:00 [prince      |?] CARD     'HIMS 36C 1.95 7/24'
2026-07-14T17:06:17+00:00 [prince_small|discord_799297438765809704_1143653301599088670] RECV     "Cutting AAPL, didn't know NVDA was moving like that woulda been out otherwise. @everyone"
2026-07-14T17:06:17+00:00 [prince_small|discord_799297438765809704_1143653301599088670] MGMT     "Cutting AAPL, didn't know NVDA was moving like that woulda been out otherwise. @everyone"
2026-07-14T17:18:05+00:00 [optionking  |discord_1322013046159441951_1322017529547460690] RECV     '@everyone NVDA 212.5C at 0.26 1DTE lotto size small.'
2026-07-14T17:20:51+00:00 [optionking  |discord_1322013046159441951_1322017529547460690] RECV     '@everyone GOOGL 360C at 1.10 SL 20% 1DTE'
2026-07-14T17:51:41+00:00 [jmt         |?] RECV     'SPY 752C 1.97 7/15 SL:748.5'
2026-07-14T17:51:44+00:00 [jmt         |?] CARD     'SPY 752C 1.97 7/15 SL:748.5'
2026-07-14T18:19:33+00:00 [prince      |discord_799297438765809704_990683044874711131] RECV     'Keeping an eye on the $60 calls July 31'
2026-07-14T18:19:33+00:00 [prince      |discord_799297438765809704_990683044874711131] REJECT   'Keeping an eye on the $60 calls July 31'
2026-07-14T18:25:11+00:00 [optionking  |discord_1322013046159441951_1322017529547460690] RECV     '@everyone GOOGL 360C at 1.10 SL 20% 1DTE'
2026-07-14T18:30:40+00:00 [optionking  |discord_1322013046159441951_1322017529547460690] RECV     '@everyone SPX 7565C at 0.60 0DTE lotto.. PT 7560 8570\n.'
2026-07-14T18:30:43+00:00 [optionking  |discord_1322013046159441951_1322017529547460690] CARD     '@everyone SPX 7565C at 0.60 0DTE lotto.. PT 7560 8570\n.'
2026-07-14T18:52:04+00:00 [optionking  |discord_1322013046159441951_1322017529547460690] RECV     '@everyone GOOGL 360C at 1.10 SL 20% 1DTE'
2026-07-14T19:02:35+00:00 [optionking  |discord_1322013046159441951_1322017529547460690] RECV     '@everyone GOOGL 360C at 1.10 SL 20% 1DTE'
2026-07-14T19:44:42+00:00 [jmt         |discord_799297438765809704_990683297451495475] RECV     '755C\n1.36\n7/16\nSL:750.85\n@JMoneyAlerts🕵🏾\u200d♂️'
2026-07-14T19:44:45+00:00 [jmt         |discord_799297438765809704_990683297451495475] CARD     '755C\n1.36\n7/16\nSL:750.85\n@JMoneyAlerts🕵🏾\u200d♂️'
2026-07-15T13:30:33+00:00 [jmt         |discord_799297438765809704_990683297451495475] RECV     '755C 1.36 7/16 SL:750.85 @JMoneyAlerts🕵🏾\u200d♂️'
2026-07-15T13:33:14+00:00 [optionking  |discord_1322013046159441951_1322017529547460690] RECV     '@everyone TSLA 410C at 0.70 0DTE..'
2026-07-15T13:33:14+00:00 [optionking  |discord_1322013046159441951_1322017529547460690] CARD     '@everyone TSLA 410C at 0.70 0DTE..'
2026-07-15T13:33:19+00:00 [jmt         |discord_799297438765809704_990683297451495475] RECV     '45% SPY CALLS @JMoneyAlerts🕵🏾\u200d♂️ taking some profit here please manage your trade'
2026-07-15T13:33:19+00:00 [jmt         |discord_799297438765809704_990683297451495475] MGMT     '45% SPY CALLS @JMoneyAlerts🕵🏾\u200d♂️ taking some profit here please manage your trade'
2026-07-15T13:33:29+00:00 [optionking  |discord_1322013046159441951_1322017529547460690] RECV     '@everyone GOOGL 360C at 1.10 SL 20% 1DTE'
2026-07-15T13:34:40+00:00 [optionking  |discord_1322013046159441951_1322017529547460690] RECV     '@everyone NVDA 215C at 0.70 0DTE  small size.. lotto'
2026-07-15T13:34:40+00:00 [optionking  |discord_1322013046159441951_1322017529547460690] CARD     '@everyone NVDA 215C at 0.70 0DTE  small size.. lotto'
2026-07-15T13:35:14+00:00 [optionking  |discord_1322013046159441951_1322017529547460690] RECV     '@everyone TSLA 410C at 0.70 0DTE..'
2026-07-15T13:37:24+00:00 [jmt         |discord_799297438765809704_990683297451495475] RECV     '62% SPY CALLS @JMoneyAlerts🕵🏾\u200d♂️'
2026-07-15T13:37:24+00:00 [jmt         |discord_799297438765809704_990683297451495475] MGMT     '62% SPY CALLS @JMoneyAlerts🕵🏾\u200d♂️'
2026-07-15T13:37:27+00:00 [optionking  |discord_1322013046159441951_1322017529547460690] RECV     '@everyone TSLA 410C at 0.70 0DTE..'
2026-07-15T13:44:26+00:00 [optionking  |discord_1322013046159441951_1322017529547460690] RECV     '@everyone SPY 755C at 1.00 0DTE  SL 30%.'
2026-07-15T13:44:29+00:00 [optionking  |discord_1322013046159441951_1322017529547460690] CARD     '@everyone SPY 755C at 1.00 0DTE  SL 30%.'
2026-07-15T13:55:17+00:00 [prince      |discord_799297438765809704_990683044874711131] RECV     'Watching AMZN 260c expiring next week for a swing @everyone'
2026-07-15T13:55:18+00:00 [prince      |discord_799297438765809704_990683044874711131] REJECT   'Watching AMZN 260c expiring next week for a swing @everyone'
2026-07-15T14:00:03+00:00 [prince      |discord_799297438765809704_990683044874711131] RECV     'Swinging $HIMS $36c 2.15 limit buy 1.80 stop limit July 24 expiry PRICE TARGET $38.29 @everyone'
2026-07-15T14:00:06+00:00 [prince      |discord_799297438765809704_990683044874711131] CARD     'Swinging $HIMS $36c 2.15 limit buy 1.80 stop limit July 24 expiry PRICE TARGET $38.29 @everyone'
2026-07-15T14:03:54+00:00 [prince      |discord_799297438765809704_990683044874711131] RECV     'Watching GOOGL 370c for Friday too, 2.04 @everyone'
2026-07-15T14:03:59+00:00 [prince      |discord_799297438765809704_990683044874711131] CARD     'Watching GOOGL 370c for Friday too, 2.04 @everyone'
2026-07-15T14:06:01+00:00 [prince_small|discord_799297438765809704_1143653301599088670] RECV     '$9 run in 30 mins is definitely what the higher time frames said @everyone'
2026-07-15T14:06:02+00:00 [prince_small|discord_799297438765809704_1143653301599088670] REJECT   '$9 run in 30 mins is definitely what the higher time frames said @everyone'
2026-07-15T14:22:05+00:00 [prince      |discord_799297438765809704_990683044874711131] RECV     'Also swinging $MSFT $395 calls 3.10 entry 2.50 stop loss 7/17 expiry Price target $389.90 @everyone'
2026-07-15T14:22:09+00:00 [prince      |discord_799297438765809704_990683044874711131] CARD     'Also swinging $MSFT $395 calls 3.10 entry 2.50 stop loss 7/17 expiry Price target $389.90 @everyone'
2026-07-15T14:23:53+00:00 [prince_small|discord_799297438765809704_1143653301599088670] RECV     'Watching $WMT $115c 7/24 1.25 @everyone'
2026-07-15T14:23:57+00:00 [prince_small|discord_799297438765809704_1143653301599088670] CARD     'Watching $WMT $115c 7/24 1.25 @everyone'
2026-07-15T14:27:28+00:00 [prince      |discord_799297438765809704_990683044874711131] RECV     'Keeping an eye on the $60 calls July 31'
2026-07-15T14:27:30+00:00 [prince      |discord_799297438765809704_990683044874711131] REJECT   'Keeping an eye on the $60 calls July 31'
2026-07-15T14:37:33+00:00 [jmt         |discord_799297438765809704_990683297451495475] RECV     '72% here leaving runners here we are itm @JMoneyAlerts🕵🏾\u200d♂️ so start securing profit'
2026-07-15T14:37:33+00:00 [jmt         |discord_799297438765809704_990683297451495475] MGMT     '72% here leaving runners here we are itm @JMoneyAlerts🕵🏾\u200d♂️ so start securing profit'
2026-07-15T14:37:33+00:00 [jmt         |discord_799297438765809704_990683297451495475] REJECT   '72% here leaving runners here we are itm @JMoneyAlerts🕵🏾\u200d♂️ so start securing profit'
2026-07-15T14:58:23+00:00 [prince      |discord_799297438765809704_990683044874711131] RECV     'In AAPL 325 put expiring today\n1.64 entry\n$321 Price target @everyone'
2026-07-15T14:58:23+00:00 [prince      |discord_799297438765809704_990683044874711131] CARD     'In AAPL 325 put expiring today\n1.64 entry\n$321 Price target @everyone'
2026-07-15T15:03:47+00:00 [prince      |discord_799297438765809704_990683044874711131] RECV     'Up 22% on $AAPL Calls @everyone'
2026-07-15T15:03:47+00:00 [prince      |discord_799297438765809704_990683044874711131] MGMT     'Up 22% on $AAPL Calls @everyone'
2026-07-15T15:03:47+00:00 [prince      |discord_799297438765809704_990683044874711131] REJECT   'Up 22% on $AAPL Calls @everyone'
2026-07-15T15:04:17+00:00 [prince      |discord_799297438765809704_990683044874711131] RECV     'Up 22% on $AAPL PUTS @everyone'
2026-07-15T15:04:17+00:00 [prince      |discord_799297438765809704_990683044874711131] MGMT     'Up 22% on $AAPL PUTS @everyone'
2026-07-15T15:04:17+00:00 [prince      |discord_799297438765809704_990683044874711131] REJECT   'Up 22% on $AAPL PUTS @everyone'
2026-07-15T15:14:27+00:00 [optionking  |discord_1322013046159441951_1322017529547460690] RECV     '@everyone SPX 7590C at 1.00 lotto 1con'
2026-07-15T15:14:30+00:00 [optionking  |discord_1322013046159441951_1322017529547460690] CARD     '@everyone SPX 7590C at 1.00 lotto 1con'
2026-07-15T15:34:44+00:00 [prince      |discord_799297438765809704_990683044874711131] RECV     'OUT OF AAPL @everyone'
2026-07-15T15:34:44+00:00 [prince      |discord_799297438765809704_990683044874711131] REJECT   'OUT OF AAPL @everyone'
2026-07-15T15:42:28+00:00 [jmt         |discord_799297438765809704_990683297451495475] RECV     '756C\n1.55\n7/17\nSL:752.20\n@JMoneyAlerts🕵🏾\u200d♂️'
2026-07-15T15:42:31+00:00 [jmt         |discord_799297438765809704_990683297451495475] CARD     '756C\n1.55\n7/17\nSL:752.20\n@JMoneyAlerts🕵🏾\u200d♂️'
2026-07-15T16:08:02+00:00 [prince      |?] RECV     'HIMS 36C 1.9 7/24'
2026-07-15T16:08:07+00:00 [prince      |?] CARD     'HIMS 36C 1.9 7/24'
2026-07-15T16:09:27+00:00 [jmt         |discord_799297438765809704_990683297451495475] RECV     '756C 1.55 7/17 SL:752.20 @JMoneyAlerts🕵🏾\u200d♂️'
2026-07-15T16:13:25+00:00 [optionking  |discord_1322013046159441951_1322017529547460690] RECV     '@everyone SPX 7590C at 1.00 lotto 1con'
2026-07-15T16:15:05+00:00 [jmt         |discord_799297438765809704_990683297451495475] RECV     'Down 28% if hourly closes below my SL I’m out @JMoneyAlerts🕵🏾\u200d♂️'
2026-07-15T16:15:05+00:00 [jmt         |discord_799297438765809704_990683297451495475] REJECT   'Down 28% if hourly closes below my SL I’m out @JMoneyAlerts🕵🏾\u200d♂️'
2026-07-15T16:27:25+00:00 [prince_small|discord_799297438765809704_1143653301599088670] RECV     'We just need 1 trade. Just 1.'
2026-07-15T16:27:25+00:00 [prince_small|discord_799297438765809704_1143653301599088670] REJECT   'We just need 1 trade. Just 1.'
2026-07-15T16:29:00+00:00 [prince      |?] RECV     'MSFT 395C 3.1 7/17'
2026-07-15T16:29:03+00:00 [prince      |?] CARD     'MSFT 395C 3.1 7/17'
2026-07-15T17:45:05+00:00 [optionking  |discord_1322013046159441951_1322017529547460690] RECV     '@everyone TSLA 400C at 0.50 0DTE lotto..'
2026-07-15T17:45:08+00:00 [optionking  |discord_1322013046159441951_1322017529547460690] CARD     '@everyone TSLA 400C at 0.50 0DTE lotto..'
2026-07-15T17:46:55+00:00 [optionking  |discord_1322013046159441951_1322017529547460690] RECV     '@everyone TSLA 400C at 0.50 0DTE lotto..'
2026-07-15T18:05:54+00:00 [optionking  |discord_1322013046159441951_1322017529547460690] RECV     'Avg here.. guys.. manage ur risk'
2026-07-15T18:05:54+00:00 [optionking  |discord_1322013046159441951_1322017529547460690] MGMT     'Avg here.. guys.. manage ur risk'
2026-07-15T18:05:54+00:00 [optionking  |discord_1322013046159441951_1322017529547460690] REJECT   'Avg here.. guys.. manage ur risk'
2026-07-15T18:19:18+00:00 [prince      |discord_799297438765809704_990683044874711131] RECV     'Up 45% on $HIMS calls. Amazing what happens when u let a trade play out @everyone'
2026-07-15T18:19:18+00:00 [prince      |discord_799297438765809704_990683044874711131] MGMT     'Up 45% on $HIMS calls. Amazing what happens when u let a trade play out @everyone'
2026-07-15T18:30:07+00:00 [prince      |discord_799297438765809704_990683044874711131] RECV     'Swinging $HIMS $36c 2.15 limit buy 1.80 stop limit July 24 expiry PRICE TARGET $38.29 @everyone'
2026-07-15T18:30:07+00:00 [prince      |discord_799297438765809704_990683044874711131] REPOST→SKIP 'Swinging $HIMS $36c 2.15 limit buy 1.80 stop limit July 24 expiry PRICE TARGET $38.29 @everyone'
2026-07-15T18:30:07+00:00 [prince      |discord_799297438765809704_990683044874711131] RECV     'Swinging $HIMS $36c 2.15 limit buy 1.80 stop limit July 24 expiry PRICE TARGET $38.29 @everyone'
2026-07-15T18:30:07+00:00 [prince      |discord_799297438765809704_990683044874711131] REPOST→SKIP 'Swinging $HIMS $36c 2.15 limit buy 1.80 stop limit July 24 expiry PRICE TARGET $38.29 @everyone'
2026-07-15T18:30:12+00:00 [prince      |discord_799297438765809704_990683044874711131] RECV     'Swinging $HIMS $36c 2.15 limit buy 1.80 stop limit July 24 expiry PRICE TARGET $38.29 @everyone'
2026-07-15T18:30:12+00:00 [prince      |discord_799297438765809704_990683044874711131] REPOST→SKIP 'Swinging $HIMS $36c 2.15 limit buy 1.80 stop limit July 24 expiry PRICE TARGET $38.29 @everyone'
2026-07-15T18:30:12+00:00 [prince      |discord_799297438765809704_990683044874711131] RECV     'Up 100% on $MSFT Calls @everyone LETS GOOOOOO'
2026-07-15T18:30:12+00:00 [prince      |discord_799297438765809704_990683044874711131] MGMT     'Up 100% on $MSFT Calls @everyone LETS GOOOOOO'
2026-07-15T18:30:12+00:00 [prince      |discord_799297438765809704_990683044874711131] REJECT   'Up 100% on $MSFT Calls @everyone LETS GOOOOOO'
2026-07-15T18:30:12+00:00 [prince      |discord_799297438765809704_990683044874711131] RECV     'May enter today'
2026-07-15T18:30:12+00:00 [prince      |discord_799297438765809704_990683044874711131] REJECT   'May enter today'
2026-07-15T18:30:25+00:00 [jmt         |discord_799297438765809704_990683297451495475] RECV     'Back down 5% If didn’t take these and want entry here is not bad imo @JMoneyAlerts🕵🏾\u200d♂️'
2026-07-15T18:30:25+00:00 [jmt         |discord_799297438765809704_990683297451495475] REJECT   'Back down 5% If didn’t take these and want entry here is not bad imo @JMoneyAlerts🕵🏾\u200d♂️'
2026-07-15T18:30:25+00:00 [jmt         |discord_799297438765809704_990683297451495475] RECV     'Stopped out here @JMoneyAlerts🕵🏾\u200d♂️ got to greedy'
2026-07-15T18:30:25+00:00 [jmt         |discord_799297438765809704_990683297451495475] MGMT     'Stopped out here @JMoneyAlerts🕵🏾\u200d♂️ got to greedy'
2026-07-15T18:30:25+00:00 [jmt         |discord_799297438765809704_990683297451495475] RECV     '45% SPY CALLS @JMoneyAlerts🕵🏾\u200d♂️ taking some profit here please manage your trade'
2026-07-15T18:30:25+00:00 [jmt         |discord_799297438765809704_990683297451495475] MGMT     '45% SPY CALLS @JMoneyAlerts🕵🏾\u200d♂️ taking some profit here please manage your trade'
2026-07-15T18:30:25+00:00 [jmt         |discord_799297438765809704_990683297451495475] RECV     '62% SPY CALLS @JMoneyAlerts🕵🏾\u200d♂️'
2026-07-15T18:30:25+00:00 [jmt         |discord_799297438765809704_990683297451495475] MGMT     '62% SPY CALLS @JMoneyAlerts🕵🏾\u200d♂️'
2026-07-15T18:30:25+00:00 [jmt         |discord_799297438765809704_990683297451495475] REJECT   '62% SPY CALLS @JMoneyAlerts🕵🏾\u200d♂️'
2026-07-15T18:30:25+00:00 [jmt         |discord_799297438765809704_990683297451495475] RECV     '72% here leaving runners here we are itm @JMoneyAlerts🕵🏾\u200d♂️ so start securing profit'
2026-07-15T18:30:25+00:00 [jmt         |discord_799297438765809704_990683297451495475] MGMT     '72% here leaving runners here we are itm @JMoneyAlerts🕵🏾\u200d♂️ so start securing profit'
2026-07-15T18:30:25+00:00 [jmt         |discord_799297438765809704_990683297451495475] REJECT   '72% here leaving runners here we are itm @JMoneyAlerts🕵🏾\u200d♂️ so start securing profit'
2026-07-15T18:30:25+00:00 [jmt         |discord_799297438765809704_990683297451495475] RECV     'Selling my runners here at 40% gonna find an re entry @JMoneyAlerts🕵🏾\u200d♂️'
2026-07-15T18:30:25+00:00 [jmt         |discord_799297438765809704_990683297451495475] MGMT     'Selling my runners here at 40% gonna find an re entry @JMoneyAlerts🕵🏾\u200d♂️'
2026-07-15T18:30:25+00:00 [jmt         |discord_799297438765809704_990683297451495475] RECV     'Down 28% if hourly closes below my SL I’m out @JMoneyAlerts🕵🏾\u200d♂️'
2026-07-15T18:30:25+00:00 [jmt         |discord_799297438765809704_990683297451495475] REJECT   'Down 28% if hourly closes below my SL I’m out @JMoneyAlerts🕵🏾\u200d♂️'
2026-07-15T18:30:25+00:00 [jmt         |discord_799297438765809704_990683297451495475] RECV     'Stopped out @JMoneyAlerts🕵🏾\u200d♂️'
2026-07-15T18:30:25+00:00 [jmt         |discord_799297438765809704_990683297451495475] MGMT     'Stopped out @JMoneyAlerts🕵🏾\u200d♂️'
2026-07-15T18:30:47+00:00 [jmt         |discord_799297438765809704_990683297451495475] RECV     '32% SPY CALLS @JMoneyAlerts🕵🏾\u200d♂️'
2026-07-15T18:30:47+00:00 [jmt         |discord_799297438765809704_990683297451495475] MGMT     '32% SPY CALLS @JMoneyAlerts🕵🏾\u200d♂️'
2026-07-15T18:30:47+00:00 [jmt         |discord_799297438765809704_990683297451495475] REJECT   '32% SPY CALLS @JMoneyAlerts🕵🏾\u200d♂️'
2026-07-15T18:30:47+00:00 [jmt         |discord_799297438765809704_990683297451495475] RECV     'Back down 5% If didn’t take these and want entry here is not bad imo @JMoneyAlerts🕵🏾\u200d♂️'
2026-07-15T18:30:47+00:00 [jmt         |discord_799297438765809704_990683297451495475] REJECT   'Back down 5% If didn’t take these and want entry here is not bad imo @JMoneyAlerts🕵🏾\u200d♂️'
2026-07-15T18:30:47+00:00 [jmt         |discord_799297438765809704_990683297451495475] RECV     '755C 1.36 7/16 SL:750.85 @JMoneyAlerts🕵🏾\u200d♂️'
2026-07-15T18:30:47+00:00 [jmt         |discord_799297438765809704_990683297451495475] REPOST→SKIP '755C 1.36 7/16 SL:750.85 @JMoneyAlerts🕵🏾\u200d♂️'
2026-07-15T18:30:47+00:00 [jmt         |discord_799297438765809704_990683297451495475] RECV     '45% SPY CALLS @JMoneyAlerts🕵🏾\u200d♂️ taking some profit here please manage your trade'
2026-07-15T18:30:47+00:00 [jmt         |discord_799297438765809704_990683297451495475] MGMT     '45% SPY CALLS @JMoneyAlerts🕵🏾\u200d♂️ taking some profit here please manage your trade'
2026-07-15T18:30:47+00:00 [jmt         |discord_799297438765809704_990683297451495475] RECV     '62% SPY CALLS @JMoneyAlerts🕵🏾\u200d♂️'
2026-07-15T18:30:47+00:00 [jmt         |discord_799297438765809704_990683297451495475] MGMT     '62% SPY CALLS @JMoneyAlerts🕵🏾\u200d♂️'
2026-07-15T18:30:47+00:00 [jmt         |discord_799297438765809704_990683297451495475] REJECT   '62% SPY CALLS @JMoneyAlerts🕵🏾\u200d♂️'
2026-07-15T18:30:47+00:00 [jmt         |discord_799297438765809704_990683297451495475] RECV     '72% here leaving runners here we are itm @JMoneyAlerts🕵🏾\u200d♂️ so start securing profit'
2026-07-15T18:30:47+00:00 [jmt         |discord_799297438765809704_990683297451495475] MGMT     '72% here leaving runners here we are itm @JMoneyAlerts🕵🏾\u200d♂️ so start securing profit'
2026-07-15T18:30:47+00:00 [jmt         |discord_799297438765809704_990683297451495475] REJECT   '72% here leaving runners here we are itm @JMoneyAlerts🕵🏾\u200d♂️ so start securing profit'
2026-07-15T18:30:47+00:00 [jmt         |discord_799297438765809704_990683297451495475] RECV     '756C 1.55 7/17 SL:752.20 @JMoneyAlerts🕵🏾\u200d♂️'
2026-07-15T18:30:47+00:00 [jmt         |discord_799297438765809704_990683297451495475] RECV     'Down 28% if hourly closes below my SL I’m out @JMoneyAlerts🕵🏾\u200d♂️'
2026-07-15T18:30:47+00:00 [jmt         |discord_799297438765809704_990683297451495475] REJECT   'Down 28% if hourly closes below my SL I’m out @JMoneyAlerts🕵🏾\u200d♂️'
2026-07-16T13:41:06+00:00 [prince      |discord_799297438765809704_990683044874711131] RECV     'Watching GOOGL 370c for Friday too, 2.04 @everyone'
2026-07-16T13:41:11+00:00 [prince_small|discord_799297438765809704_1143653301599088670] RECV     'Watching $WMT $115c 7/24 1.25 @everyone'
2026-07-16T13:41:20+00:00 [optionking  |discord_1322013046159441951_1322017529547460690] RECV     '@everyone SPY 753C at 1.10 SL 20% 0DTE..'
2026-07-16T13:41:24+00:00 [optionking  |discord_1322013046159441951_1322017529547460690] CARD     '@everyone SPY 753C at 1.10 SL 20% 0DTE..'
2026-07-16T13:42:03+00:00 [jmt         |discord_799297438765809704_990683297451495475] RECV     '20% @JMoneyAlerts🕵🏾\u200d♂️'
2026-07-16T13:42:03+00:00 [jmt         |discord_799297438765809704_990683297451495475] MGMT     '20% @JMoneyAlerts🕵🏾\u200d♂️'
2026-07-16T13:42:03+00:00 [jmt         |discord_799297438765809704_990683297451495475] REJECT   '20% @JMoneyAlerts🕵🏾\u200d♂️'
2026-07-16T13:42:22+00:00 [optionking  |discord_1322013046159441951_1322017529547460690] RECV     '@everyone SPY 753C at 1.10 SL 20% 0DTE..'
2026-07-16T13:45:50+00:00 [prince      |discord_799297438765809704_990683044874711131] RECV     'First 15 has closed. Watching QQQ 705 puts expiring tomorrow, could possibly go today. @everyone'
2026-07-16T13:45:50+00:00 [prince      |discord_799297438765809704_990683044874711131] REJECT   'First 15 has closed. Watching QQQ 705 puts expiring tomorrow, could possibly go today. @everyone'
2026-07-16T13:56:05+00:00 [prince      |discord_799297438765809704_990683044874711131] RECV     'Set a limit order for 3.00 expiring tomorrow but didnt get any fill, will keep waiting'
2026-07-16T13:56:05+00:00 [prince      |discord_799297438765809704_990683044874711131] REJECT   'Set a limit order for 3.00 expiring tomorrow but didnt get any fill, will keep waiting'
2026-07-16T13:59:48+00:00 [prince      |discord_799297438765809704_990683044874711131] RECV     'Filled now @everyone 3.00 for the 705 puts stop loss 2.20'
2026-07-16T13:59:52+00:00 [prince      |discord_799297438765809704_990683044874711131] CARD     'Filled now @everyone 3.00 for the 705 puts stop loss 2.20'
2026-07-16T14:01:21+00:00 [optionking  |discord_1322013046159441951_1322017529547460690] RECV     '@everyone PLTR 135C at 0.50 small.size.. 1DTE expiry'
2026-07-16T14:01:24+00:00 [optionking  |discord_1322013046159441951_1322017529547460690] CARD     '@everyone PLTR 135C at 0.50 small.size.. 1DTE expiry'
2026-07-16T14:05:24+00:00 [optionking  |discord_1322013046159441951_1322017529547460690] RECV     '@everyone PLTR 135C at 0.50 small.size.. 1DTE expiry'
2026-07-16T14:10:39+00:00 [prince      |discord_799297438765809704_990683044874711131] RECV     'Honestly this thing did a full V shape recovery out of nowhere. Higher timeframes say drop, but we did also drop $17 in '
2026-07-16T14:10:39+00:00 [prince      |discord_799297438765809704_990683044874711131] MGMT     'Honestly this thing did a full V shape recovery out of nowhere. Higher timeframes say drop, but we did also drop $17 in '
2026-07-16T14:25:05+00:00 [prince      |?] RECV     'QQQ 705P 3.00 7/17 stop loss 2.20'
2026-07-16T14:25:09+00:00 [prince      |?] CARD     'QQQ 705P 3.00 7/17 stop loss 2.20'
